first_name,last_name,register_number,gender,date_of_birth,blood_group,nationality,community,department_id,batch,current_year,current_semester,college_email,personal_email,phone,father_name,father_phone,father_occupation,mother_name,mother_phone,mother_occupation,annual_income,address_line1,address_line2,city,state,pincode,tenth_school,tenth_board,tenth_marks,tenth_percentage,twelfth_school,twelfth_board,twelfth_marks,twelfth_percentage,admission_date,admission_type,password
Krishna,Kumar,23CSE001A,Male,2002-05-13,B-,Indian,OC,1,2023-2027,4,7,krishna.kumar231@svcet.edu,krishna28@gmail.com,9862004049,Kumar Ishaan,9959796310,Business,Sneha,9714272848,Homemaker,470032.00,"No. 12, Gandhi Road",Anna Nagar,Madurai,Tamil Nadu,600049,DAV Public School,State Board,413,86,St. Johns,State Board,483,84,2023-08-15,Management,password123
Riya,Kumar,23CSE002A,Male,2006-02-12,O-,Indian,SC,1,2023-2027,4,7,riya.kumar232@svcet.edu,riya25@gmail.com,9883943885,Kumar Reyansh,9923219108,Business,Kavya,9727454945,Homemaker,414125.00,"No. 79, Gandhi Road",Anna Nagar,Salem,Tamil Nadu,600075,DAV Public School,State Board,418,92,DAV Public School,State Board,568,86,2023-08-15,Counselling,password123
Isha,Kumar,23CSE003A,Female,2003-06-12,A+,Indian,BC,1,2023-2027,4,7,isha.kumar233@svcet.edu,isha67@gmail.com,9815983147,Kumar Sneha,9971666104,Business,Pooja,9722523241,Homemaker,285409.00,"No. 49, Gandhi Road",Anna Nagar,Chennai,Tamil Nadu,600082,Maharishi Vidya Mandir,State Board,458,83,DAV Public School,State Board,539,84,2023-08-15,Management,password123
Aarohi,Nair,23CSE004A,Male,2006-02-16,AB+,Indian,SC,1,2023-2027,4,7,aarohi.nair234@svcet.edu,aarohi22@gmail.com,9896472219,Nair Neha,9918242337,Business,Pooja,9786701773,Homemaker,616873.00,"No. 2, Gandhi Road",Anna Nagar,Madurai,Tamil Nadu,600082,KV,State Board,460,92,Maharishi Vidya Mandir,State Board,555,79,2023-08-15,Counselling,password123
Pooja,Bose,23CSE005A,Female,2004-09-13,O+,Indian,ST,1,2023-2027,4,7,pooja.bose235@svcet.edu,pooja42@gmail.com,9856489170,Bose Ayaan,9936104193,Business,Sanya,9748408269,Homemaker,282628.00,"No. 14, Gandhi Road",Anna Nagar,Chennai,Tamil Nadu,600033,KV,State Board,406,89,Delhi Public School,State Board,502,92,2023-08-15,Management,password123
Sai,Kumar,23CSE006A,Male,2005-01-12,B+,Indian,ST,1,2023-2027,4,7,sai.kumar236@svcet.edu,sai51@gmail.com,9888768786,Kumar Aarohi,9977064581,Business,Sai,9799125289,Homemaker,285738.00,"No. 34, Gandhi Road",Anna Nagar,Salem,Tamil Nadu,600076,Maharishi Vidya Mandir,State Board,479,86,St. Johns,State Board,528,83,2023-08-15,Counselling,password123
Reyansh,Nair,23CSE007A,Male,2004-01-15,B-,Indian,SC,1,2023-2027,4,7,reyansh.nair237@svcet.edu,reyansh21@gmail.com,9814390517,Nair Reyansh,9986682212,Business,Vivaan,9788596156,Homemaker,721212.00,"No. 67, Gandhi Road",Anna Nagar,Trichy,Tamil Nadu,600030,DAV Public School,State Board,455,97,Maharishi Vidya Mandir,State Board,566,81,2023-08-15,Management,password123
Isha,Nair,23CSE008A,Female,2002-06-18,AB-,Indian,OC,1,2023-2027,4,7,isha.nair238@svcet.edu,isha97@gmail.com,9845735183,Nair Aarav,9945442373,Business,Reyansh,9749483869,Homemaker,506540.00,"No. 82, Gandhi Road",Anna Nagar,Madurai,Tamil Nadu,600034,Delhi Public School,State Board,489,88,St. Johns,State Board,522,89,2023-08-15,Counselling,password123
Sanya,Rao,23CSE009A,Male,2002-03-15,A+,Indian,MBC,1,2023-2027,4,7,sanya.rao239@svcet.edu,sanya29@gmail.com,9817392782,Rao Krishna,9946108983,Business,Riya,9751796754,Homemaker,509860.00,"No. 58, Gandhi Road",Anna Nagar,Chennai,Tamil Nadu,600083,St. Johns,State Board,404,85,DAV Public School,State Board,532,85,2023-08-15,Management,password123
Kavya,Kumar,23CSE010A,Male,2005-01-17,AB-,Indian,OC,1,2023-2027,4,7,kavya.kumar2310@svcet.edu,kavya86@gmail.com,9833898367,Kumar Arjun,9938522084,Business,Reyansh,9794095278,Homemaker,774040.00,"No. 42, Gandhi Road",Anna Nagar,Chennai,Tamil Nadu,600040,Delhi Public School,State Board,426,94,Delhi Public School,State Board,537,91,2023-08-15,Counselling,password123
Pooja,Rao,23CSE011A,Male,2006-04-17,AB+,Indian,OC,1,2023-2027,4,7,pooja.rao2311@svcet.edu,pooja95@gmail.com,9877815338,Rao Diya,9990263523,Business,Isha,9792699636,Homemaker,385269.00,"No. 77, Gandhi Road",Anna Nagar,Coimbatore,Tamil Nadu,600035,Maharishi Vidya Mandir,State Board,416,98,Delhi Public School,State Board,575,95,2023-08-15,Counselling,password123
Aarav,Nair,23CSE012A,Male,2005-02-16,B-,Indian,BC,1,2023-2027,4,7,aarav.nair2312@svcet.edu,aarav66@gmail.com,9884319359,Nair Ananya,9966856561,Business,Sai,9787629774,Homemaker,543746.00,"No. 19, Gandhi Road",Anna Nagar,Coimbatore,Tamil Nadu,600055,KV,State Board,470,95,DAV Public School,State Board,477,75,2023-08-15,Counselling,password123
Arjun,Sharma,23CSE013A,Female,2005-07-10,AB-,Indian,BC,1,2023-2027,4,7,arjun.sharma2313@svcet.edu,arjun92@gmail.com,9835882202,Sharma Sai,9992008768,Business,Vivaan,9777332360,Homemaker,245222.00,"No. 79, Gandhi Road",Anna Nagar,Coimbatore,Tamil Nadu,600054,St. Johns,State Board,415,84,St. Johns,State Board,545,96,2023-08-15,Counselling,password123
Ayaan,Kumar,23CSE014A,Male,2002-07-10,AB-,Indian,BC,1,2023-2027,4,7,ayaan.kumar2314@svcet.edu,ayaan99@gmail.com,9840676152,Kumar Kavya,9977015383,Business,Kavya,9788632386,Homemaker,676600.00,"No. 93, Gandhi Road",Anna Nagar,Chennai,Tamil Nadu,600078,Maharishi Vidya Mandir,State Board,408,85,Maharishi Vidya Mandir,State Board,458,91,2023-08-15,Management,password123
Sanya,Menon,23CSE015A,Male,2003-08-14,O-,Indian,OC,1,2023-2027,4,7,sanya.menon2315@svcet.edu,sanya32@gmail.com,9869756126,Menon Isha,9940126685,Business,Aarohi,9775834897,Homemaker,506182.00,"No. 43, Gandhi Road",Anna Nagar,Chennai,Tamil Nadu,600059,DAV Public School,State Board,432,91,St. Johns,State Board,513,76,2023-08-15,Counselling,password123
Sai,Singh,23CSE016A,Male,2006-06-16,AB-,Indian,OC,1,2023-2027,4,7,sai.singh2316@svcet.edu,sai48@gmail.com,9813813745,Singh Neha,9956017030,Business,Arjun,9786650547,Homemaker,206963.00,"No. 80, Gandhi Road",Anna Nagar,Madurai,Tamil Nadu,600058,DAV Public School,State Board,411,92,Delhi Public School,State Board,542,75,2023-08-15,Counselling,password123
Vihaan,Menon,23CSE017A,Female,2002-06-10,A+,Indian,MBC,1,2023-2027,4,7,vihaan.menon2317@svcet.edu,vihaan44@gmail.com,9843839489,Menon Pooja,9918758203,Business,Vihaan,9749093306,Homemaker,763739.00,"No. 12, Gandhi Road",Anna Nagar,Trichy,Tamil Nadu,600069,St. Johns,State Board,471,88,DAV Public School,State Board,471,89,2023-08-15,Management,password123
Reyansh,Kumar,23CSE018A,Male,2004-08-12,A-,Indian,MBC,1,2023-2027,4,7,reyansh.kumar2318@svcet.edu,reyansh20@gmail.com,9877243499,Kumar Sneha,9947865887,Business,Reyansh,9750537156,Homemaker,519792.00,"No. 93, Gandhi Road",Anna Nagar,Trichy,Tamil Nadu,600082,Maharishi Vidya Mandir,State Board,454,82,Delhi Public School,State Board,500,95,2023-08-15,Management,password123
Arjun,Menon,23CSE019A,Female,2003-03-17,O-,Indian,SC,1,2023-2027,4,7,arjun.menon2319@svcet.edu,arjun22@gmail.com,9842953035,Menon Ayaan,9984838386,Business,Aditya,9786731780,Homemaker,482133.00,"No. 46, Gandhi Road",Anna Nagar,Chennai,Tamil Nadu,600063,Delhi Public School,State Board,450,92,KV,State Board,551,88,2023-08-15,Management,password123
Aarohi,Sharma,23CSE020A,Male,2005-02-18,AB-,Indian,ST,1,2023-2027,4,7,aarohi.sharma2320@svcet.edu,aarohi56@gmail.com,9823807579,Sharma Reyansh,9942684961,Business,Isha,9777205375,Homemaker,578377.00,"No. 68, Gandhi Road",Anna Nagar,Trichy,Tamil Nadu,600088,KV,State Board,463,96,Delhi Public School,State Board,550,82,2023-08-15,Counselling,password123
Aditya,Sharma,23CSE021A,Female,2004-07-16,O+,Indian,OC,1,2023-2027,4,7,aditya.sharma2321@svcet.edu,aditya3@gmail.com,9810559155,Sharma Ishaan,9963173148,Business,Isha,9732223137,Homemaker,572922.00,"No. 92, Gandhi Road",Anna Nagar,Coimbatore,Tamil Nadu,600055,St. Johns,State Board,454,87,Maharishi Vidya Mandir,State Board,510,75,2023-08-15,Management,password123
Ananya,Gupta,23CSE022A,Male,2006-07-13,AB-,Indian,ST,1,2023-2027,4,7,ananya.gupta2322@svcet.edu,ananya93@gmail.com,9813327859,Gupta Vihaan,9970340672,Business,Aarohi,9748022057,Homemaker,677319.00,"No. 50, Gandhi Road",Anna Nagar,Chennai,Tamil Nadu,600061,KV,State Board,472,90,KV,State Board,535,84,2023-08-15,Counselling,password123
Neha,Das,23CSE023A,Female,2004-07-12,O-,Indian,BC,1,2023-2027,4,7,neha.das2323@svcet.edu,neha3@gmail.com,9879119022,Das Arjun,9984646099,Business,Ayaan,9767118722,Homemaker,743378.00,"No. 67, Gandhi Road",Anna Nagar,Coimbatore,Tamil Nadu,600092,DAV Public School,State Board,414,94,Delhi Public School,State Board,458,80,2023-08-15,Counselling,password123
Vivaan,Reddy,23CSE024A,Female,2003-07-12,O-,Indian,MBC,1,2023-2027,4,7,vivaan.reddy2324@svcet.edu,vivaan14@gmail.com,9885583157,Reddy Diya,9946242129,Business,Ishaan,9719424586,Homemaker,540087.00,"No. 62, Gandhi Road",Anna Nagar,Trichy,Tamil Nadu,600034,St. Johns,State Board,417,95,Maharishi Vidya Mandir,State Board,485,95,2023-08-15,Management,password123
Ishaan,Nair,23CSE025A,Female,2003-04-12,A-,Indian,MBC,1,2023-2027,4,7,ishaan.nair2325@svcet.edu,ishaan20@gmail.com,9851199081,Nair Aditya,9963958602,Business,Krishna,9714654942,Homemaker,502809.00,"No. 6, Gandhi Road",Anna Nagar,Trichy,Tamil Nadu,600067,DAV Public School,State Board,461,88,Delhi Public School,State Board,561,87,2023-08-15,Counselling,password123
Neha,Menon,23CSE026A,Male,2004-05-10,B-,Indian,OC,1,2023-2027,4,7,neha.menon2326@svcet.edu,neha29@gmail.com,9869855013,Menon Krishna,9968337044,Business,Diya,9746773287,Homemaker,773053.00,"No. 38, Gandhi Road",Anna Nagar,Coimbatore,Tamil Nadu,600021,Maharishi Vidya Mandir,State Board,436,82,DAV Public School,State Board,459,88,2023-08-15,Counselling,password123
Arjun,Patel,23CSE027A,Female,2006-07-13,A-,Indian,MBC,1,2023-2027,4,7,arjun.patel2327@svcet.edu,arjun44@gmail.com,9877603243,Patel Aarav,9916466106,Business,Vihaan,9745770578,Homemaker,412459.00,"No. 18, Gandhi Road",Anna Nagar,Trichy,Tamil Nadu,600062,DAV Public School,State Board,468,81,Maharishi Vidya Mandir,State Board,513,80,2023-08-15,Management,password123
Vihaan,Nair,23CSE028A,Female,2002-09-13,A-,Indian,OC,1,2023-2027,4,7,vihaan.nair2328@svcet.edu,vihaan14@gmail.com,9855234404,Nair Arjun,9949296432,Business,Isha,9784038434,Homemaker,411796.00,"No. 16, Gandhi Road",Anna Nagar,Trichy,Tamil Nadu,600074,Maharishi Vidya Mandir,State Board,452,85,Delhi Public School,State Board,508,93,2023-08-15,Management,password123
Aarohi,Verma,23CSE029A,Female,2004-01-10,O+,Indian,MBC,1,2023-2027,4,7,aarohi.verma2329@svcet.edu,aarohi98@gmail.com,9841285738,Verma Ishaan,9969669216,Business,Sai,9781384083,Homemaker,424989.00,"No. 16, Gandhi Road",Anna Nagar,Trichy,Tamil Nadu,600028,St. Johns,State Board,400,93,Delhi Public School,State Board,464,80,2023-08-15,Counselling,password123
Riya,Nair,23CSE030A,Male,2003-03-16,O+,Indian,MBC,1,2023-2027,4,7,riya.nair2330@svcet.edu,riya50@gmail.com,9886849363,Nair Aditya,9916464423,Business,Isha,9788494195,Homemaker,700745.00,"No. 36, Gandhi Road",Anna Nagar,Madurai,Tamil Nadu,600078,KV,State Board,401,93,DAV Public School,State Board,556,93,2023-08-15,Counselling,password123
Vivaan,Pillai,23CSE001B,Male,2004-04-10,A+,Indian,ST,1,2023-2027,4,7,vivaan.pillai231@svcet.edu,vivaan76@gmail.com,9857309009,Pillai Vihaan,9931552953,Business,Vivaan,9777353836,Homemaker,598852.00,"No. 33, Gandhi Road",Anna Nagar,Chennai,Tamil Nadu,600061,St. Johns,State Board,436,90,KV,State Board,477,83,2023-08-15,Counselling,password123
Sanya,Singh,23CSE002B,Female,2003-01-15,B+,Indian,MBC,1,2023-2027,4,7,sanya.singh232@svcet.edu,sanya61@gmail.com,9871300603,Singh Aarav,9912767354,Business,Isha,9799903891,Homemaker,437607.00,"No. 100, Gandhi Road",Anna Nagar,Madurai,Tamil Nadu,600030,Maharishi Vidya Mandir,State Board,445,89,DAV Public School,State Board,494,94,2023-08-15,Management,password123
Ishaan,Sharma,23CSE003B,Female,2006-01-16,AB+,Indian,ST,1,2023-2027,4,7,ishaan.sharma233@svcet.edu,ishaan58@gmail.com,9825578822,Sharma Ishaan,9950747762,Business,Vihaan,9754028955,Homemaker,398404.00,"No. 45, Gandhi Road",Anna Nagar,Coimbatore,Tamil Nadu,600045,Maharishi Vidya Mandir,State Board,488,96,DAV Public School,State Board,478,79,2023-08-15,Management,password123
Sneha,Patel,23CSE004B,Male,2003-07-18,AB-,Indian,OC,1,2023-2027,4,7,sneha.patel234@svcet.edu,sneha8@gmail.com,9831730518,Patel Aarav,9946887334,Business,Sanya,9759390985,Homemaker,238091.00,"No. 89, Gandhi Road",Anna Nagar,Madurai,Tamil Nadu,600027,KV,State Board,411,80,DAV Public School,State Board,519,96,2023-08-15,Counselling,password123
Reyansh,Gupta,23CSE005B,Female,2004-06-14,B-,Indian,SC,1,2023-2027,4,7,reyansh.gupta235@svcet.edu,reyansh53@gmail.com,9841681132,Gupta Aditya,9911238617,Business,Vihaan,9739085574,Homemaker,566697.00,"No. 17, Gandhi Road",Anna Nagar,Coimbatore,Tamil Nadu,600035,St. Johns,State Board,461,94,St. Johns,State Board,541,80,2023-08-15,Management,password123
Neha,Reddy,23CSE006B,Female,2005-06-17,O+,Indian,OC,1,2023-2027,4,7,neha.reddy236@svcet.edu,neha45@gmail.com,9882739403,Reddy Vihaan,9940285483,Business,Ananya,9715148798,Homemaker,603107.00,"No. 64, Gandhi Road",Anna Nagar,Salem,Tamil Nadu,600071,St. Johns,State Board,469,91,St. Johns,State Board,495,94,2023-08-15,Management,password123
Isha,Das,23CSE007B,Male,2002-04-13,A-,Indian,OC,1,2023-2027,4,7,isha.das237@svcet.edu,isha39@gmail.com,9899786367,Das Vihaan,9990114498,Business,Ishaan,9738037485,Homemaker,459509.00,"No. 94, Gandhi Road",Anna Nagar,Madurai,Tamil Nadu,600018,Maharishi Vidya Mandir,State Board,425,84,KV,State Board,502,89,2023-08-15,Counselling,password123
Kavya,Bose,23CSE008B,Female,2005-09-17,A-,Indian,OC,1,2023-2027,4,7,kavya.bose238@svcet.edu,kavya18@gmail.com,9882483499,Bose Arjun,9978066042,Business,Neha,9721347873,Homemaker,440439.00,"No. 30, Gandhi Road",Anna Nagar,Chennai,Tamil Nadu,600088,Maharishi Vidya Mandir,State Board,403,95,Delhi Public School,State Board,518,85,2023-08-15,Counselling,password123
Kavya,Sharma,23CSE009B,Female,2003-06-14,A+,Indian,SC,1,2023-2027,4,7,kavya.sharma239@svcet.edu,kavya26@gmail.com,9820530903,Sharma Sanya,9983101359,Business,Diya,9729712438,Homemaker,229565.00,"No. 35, Gandhi Road",Anna Nagar,Trichy,Tamil Nadu,600020,Maharishi Vidya Mandir,State Board,443,83,Maharishi Vidya Mandir,State Board,500,75,2023-08-15,Counselling,password123
Aditya,Verma,23CSE010B,Male,2003-02-15,B+,Indian,ST,1,2023-2027,4,7,aditya.verma2310@svcet.edu,aditya29@gmail.com,9875845053,Verma Aditya,9973144276,Business,Riya,9759904344,Homemaker,507515.00,"No. 32, Gandhi Road",Anna Nagar,Madurai,Tamil Nadu,600051,Maharishi Vidya Mandir,State Board,432,90,St. Johns,State Board,516,86,2023-08-15,Management,password123
Arjun,Patel,23CSE011B,Female,2004-05-15,A-,Indian,SC,1,2023-2027,4,7,arjun.patel2311@svcet.edu,arjun72@gmail.com,9892238922,Patel Aditya,9984598879,Business,Diya,9714384021,Homemaker,580900.00,"No. 44, Gandhi Road",Anna Nagar,Chennai,Tamil Nadu,600046,Maharishi Vidya Mandir,State Board,470,82,KV,State Board,562,77,2023-08-15,Counselling,password123
Sanya,Nair,23CSE012B,Female,2004-01-17,B+,Indian,MBC,1,2023-2027,4,7,sanya.nair2312@svcet.edu,sanya9@gmail.com,9820093921,Nair Sanya,9980765607,Business,Aarav,9718144273,Homemaker,489100.00,"No. 96, Gandhi Road",Anna Nagar,Trichy,Tamil Nadu,600033,St. Johns,State Board,449,98,KV,State Board,475,95,2023-08-15,Management,password123
Neha,Pillai,23CSE013B,Female,2006-04-11,A+,Indian,BC,1,2023-2027,4,7,neha.pillai2313@svcet.edu,neha89@gmail.com,9876043472,Pillai Aarohi,9938397119,Business,Ishaan,9758569041,Homemaker,743067.00,"No. 66, Gandhi Road",Anna Nagar,Chennai,Tamil Nadu,600057,St. Johns,State Board,420,81,Delhi Public School,State Board,546,94,2023-08-15,Counselling,password123
Sneha,Menon,23CSE014B,Female,2004-06-19,AB+,Indian,OC,1,2023-2027,4,7,sneha.menon2314@svcet.edu,sneha73@gmail.com,9866491852,Menon Vihaan,9984873333,Business,Ayaan,9795281977,Homemaker,540354.00,"No. 18, Gandhi Road",Anna Nagar,Coimbatore,Tamil Nadu,600017,St. Johns,State Board,480,82,KV,State Board,566,88,2023-08-15,Counselling,password123
Krishna,Sharma,23CSE015B,Female,2004-03-11,B+,Indian,BC,1,2023-2027,4,7,krishna.sharma2315@svcet.edu,krishna58@gmail.com,9816147568,Sharma Aditya,9995982636,Business,Krishna,9781821882,Homemaker,558806.00,"No. 29, Gandhi Road",Anna Nagar,Coimbatore,Tamil Nadu,600075,Maharishi Vidya Mandir,State Board,483,91,Maharishi Vidya Mandir,State Board,560,79,2023-08-15,Management,password123
Ananya,Reddy,23CSE016B,Female,2004-05-16,O+,Indian,BC,1,2023-2027,4,7,ananya.reddy2316@svcet.edu,ananya58@gmail.com,9845851841,Reddy Arjun,9942668274,Business,Diya,9778095943,Homemaker,665259.00,"No. 24, Gandhi Road",Anna Nagar,Coimbatore,Tamil Nadu,600081,DAV Public School,State Board,411,92,Delhi Public School,State Board,519,90,2023-08-15,Counselling,password123
Vihaan,Bose,23CSE017B,Female,2002-05-13,A+,Indian,SC,1,2023-2027,4,7,vihaan.bose2317@svcet.edu,vihaan17@gmail.com,9821682098,Bose Aarohi,9964984445,Business,Aditya,9750616087,Homemaker,609465.00,"No. 8, Gandhi Road",Anna Nagar,Chennai,Tamil Nadu,600064,DAV Public School,State Board,428,84,DAV Public School,State Board,464,92,2023-08-15,Counselling,password123
Ishaan,Das,23CSE018B,Male,2005-02-16,O+,Indian,BC,1,2023-2027,4,7,ishaan.das2318@svcet.edu,ishaan37@gmail.com,9884729838,Das Aarav,9915474718,Business,Aarohi,9737304706,Homemaker,560757.00,"No. 66, Gandhi Road",Anna Nagar,Chennai,Tamil Nadu,600046,DAV Public School,State Board,449,93,DAV Public School,State Board,486,80,2023-08-15,Counselling,password123
Krishna,Verma,23CSE019B,Male,2005-09-12,B-,Indian,BC,1,2023-2027,4,7,krishna.verma2319@svcet.edu,krishna21@gmail.com,9871075244,Verma Pooja,9935704078,Business,Ishaan,9770139949,Homemaker,630281.00,"No. 24, Gandhi Road",Anna Nagar,Madurai,Tamil Nadu,600097,St. Johns,State Board,431,89,St. Johns,State Board,469,96,2023-08-15,Management,password123
Sai,Gupta,23CSE020B,Male,2004-02-15,B+,Indian,BC,1,2023-2027,4,7,sai.gupta2320@svcet.edu,sai82@gmail.com,9888503724,Gupta Aditya,9916602088,Business,Reyansh,9759623229,Homemaker,473438.00,"No. 62, Gandhi Road",Anna Nagar,Coimbatore,Tamil Nadu,600046,St. Johns,State Board,463,98,St. Johns,State Board,476,93,2023-08-15,Management,password123
Neha,Patel,23CSE021B,Male,2006-07-14,A+,Indian,BC,1,2023-2027,4,7,neha.patel2321@svcet.edu,neha41@gmail.com,9896068034,Patel Pooja,9936808549,Business,Ananya,9721862506,Homemaker,568207.00,"No. 76, Gandhi Road",Anna Nagar,Chennai,Tamil Nadu,600099,Maharishi Vidya Mandir,State Board,434,82,Maharishi Vidya Mandir,State Board,557,87,2023-08-15,Counselling,password123
Aarav,Verma,23CSE022B,Female,2006-04-10,A+,Indian,MBC,1,2023-2027,4,7,aarav.verma2322@svcet.edu,aarav23@gmail.com,9883471065,Verma Neha,9916845446,Business,Krishna,9729262191,Homemaker,698964.00,"No. 9, Gandhi Road",Anna Nagar,Chennai,Tamil Nadu,600059,Maharishi Vidya Mandir,State Board,413,94,St. Johns,State Board,454,79,2023-08-15,Management,password123
Sai,Bose,23CSE023B,Male,2006-09-19,A+,Indian,SC,1,2023-2027,4,7,sai.bose2323@svcet.edu,sai94@gmail.com,9863984501,Bose Ayaan,9934669032,Business,Kavya,9753159776,Homemaker,208723.00,"No. 43, Gandhi Road",Anna Nagar,Trichy,Tamil Nadu,600024,DAV Public School,State Board,489,85,DAV Public School,State Board,481,83,2023-08-15,Counselling,password123
Krishna,Bose,23CSE024B,Female,2006-02-12,A-,Indian,OC,1,2023-2027,4,7,krishna.bose2324@svcet.edu,krishna13@gmail.com,9895003030,Bose Aarohi,9964720872,Business,Kavya,9772112064,Homemaker,258790.00,"No. 88, Gandhi Road",Anna Nagar,Coimbatore,Tamil Nadu,600045,KV,State Board,430,95,DAV Public School,State Board,502,85,2023-08-15,Counselling,password123
Kavya,Sharma,23CSE025B,Female,2003-02-15,B+,Indian,OC,1,2023-2027,4,7,kavya.sharma2325@svcet.edu,kavya27@gmail.com,9861543308,Sharma Ayaan,9989319565,Business,Arjun,9794018412,Homemaker,275224.00,"No. 79, Gandhi Road",Anna Nagar,Chennai,Tamil Nadu,600035,DAV Public School,State Board,450,81,St. Johns,State Board,454,93,2023-08-15,Counselling,password123
Isha,Menon,23CSE026B,Male,2002-05-14,A+,Indian,ST,1,2023-2027,4,7,isha.menon2326@svcet.edu,isha75@gmail.com,9815689752,Menon Pooja,9983880222,Business,Pooja,9715768659,Homemaker,246698.00,"No. 14, Gandhi Road",Anna Nagar,Madurai,Tamil Nadu,600070,KV,State Board,414,87,St. Johns,State Board,549,75,2023-08-15,Counselling,password123
Ishaan,Patel,23CSE027B,Male,2003-09-18,A+,Indian,MBC,1,2023-2027,4,7,ishaan.patel2327@svcet.edu,ishaan48@gmail.com,9852591359,Patel Aditya,9998859713,Business,Vihaan,9748437354,Homemaker,797138.00,"No. 14, Gandhi Road",Anna Nagar,Trichy,Tamil Nadu,600075,Maharishi Vidya Mandir,State Board,461,90,Maharishi Vidya Mandir,State Board,552,94,2023-08-15,Management,password123
Riya,Rao,23CSE028B,Female,2002-07-15,AB-,Indian,SC,1,2023-2027,4,7,riya.rao2328@svcet.edu,riya96@gmail.com,9881338481,Rao Krishna,9974601340,Business,Diya,9764838225,Homemaker,453346.00,"No. 39, Gandhi Road",Anna Nagar,Madurai,Tamil Nadu,600068,Maharishi Vidya Mandir,State Board,454,88,Maharishi Vidya Mandir,State Board,472,93,2023-08-15,Counselling,password123
Sanya,Reddy,23CSE029B,Male,2006-07-15,AB-,Indian,SC,1,2023-2027,4,7,sanya.reddy2329@svcet.edu,sanya59@gmail.com,9851038630,Reddy Aarohi,9959164480,Business,Reyansh,9794336486,Homemaker,656788.00,"No. 62, Gandhi Road",Anna Nagar,Salem,Tamil Nadu,600067,St. Johns,State Board,422,83,St. Johns,State Board,528,88,2023-08-15,Management,password123
Aditya,Sharma,23CSE030B,Male,2003-06-18,O-,Indian,BC,1,2023-2027,4,7,aditya.sharma2330@svcet.edu,aditya31@gmail.com,9823370342,Sharma Aditya,9955422899,Business,Vivaan,9716656717,Homemaker,343501.00,"No. 89, Gandhi Road",Anna Nagar,Salem,Tamil Nadu,600078,Maharishi Vidya Mandir,State Board,475,94,Delhi Public School,State Board,471,82,2023-08-15,Counselling,password123
Ishaan,Das,24CSE001A,Male,2004-06-18,AB+,Indian,MBC,1,2024-2028,3,5,ishaan.das241@svcet.edu,ishaan14@gmail.com,9888268305,Das Ayaan,9927161503,Business,Ananya,9745823676,Homemaker,640171.00,"No. 23, Gandhi Road",Anna Nagar,Trichy,Tamil Nadu,600051,Delhi Public School,State Board,441,84,Delhi Public School,State Board,535,92,2024-08-15,Management,password123
Isha,Kumar,24CSE002A,Male,2003-07-15,B+,Indian,ST,1,2024-2028,3,5,isha.kumar242@svcet.edu,isha37@gmail.com,9810166846,Kumar Isha,9956371412,Business,Diya,9755814063,Homemaker,271731.00,"No. 6, Gandhi Road",Anna Nagar,Trichy,Tamil Nadu,600070,Delhi Public School,State Board,459,83,DAV Public School,State Board,557,96,2024-08-15,Counselling,password123
Reyansh,Sharma,24CSE003A,Male,2003-08-15,A-,Indian,OC,1,2024-2028,3,5,reyansh.sharma243@svcet.edu,reyansh77@gmail.com,9817680370,Sharma Sanya,9915144735,Business,Sanya,9734639421,Homemaker,417611.00,"No. 41, Gandhi Road",Anna Nagar,Trichy,Tamil Nadu,600081,St. Johns,State Board,409,80,KV,State Board,553,76,2024-08-15,Counselling,password123
Isha,Reddy,24CSE004A,Male,2003-08-17,O-,Indian,SC,1,2024-2028,3,5,isha.reddy244@svcet.edu,isha84@gmail.com,9820980259,Reddy Sanya,9936426770,Business,Vihaan,9732854065,Homemaker,368486.00,"No. 16, Gandhi Road",Anna Nagar,Salem,Tamil Nadu,600082,KV,State Board,418,83,St. Johns,State Board,548,94,2024-08-15,Management,password123
Kavya,Patel,24CSE005A,Male,2004-06-18,AB-,Indian,OC,1,2024-2028,3,5,kavya.patel245@svcet.edu,kavya30@gmail.com,9838546409,Patel Aarohi,9977092691,Business,Arjun,9718510525,Homemaker,469446.00,"No. 83, Gandhi Road",Anna Nagar,Trichy,Tamil Nadu,600096,St. Johns,State Board,423,94,Delhi Public School,State Board,520,87,2024-08-15,Counselling,password123
Sneha,Verma,24CSE006A,Female,2002-06-10,B+,Indian,BC,1,2024-2028,3,5,sneha.verma246@svcet.edu,sneha13@gmail.com,9823011016,Verma Aditya,9975329333,Business,Sneha,9715867544,Homemaker,326415.00,"No. 57, Gandhi Road",Anna Nagar,Madurai,Tamil Nadu,600097,DAV Public School,State Board,480,91,Delhi Public School,State Board,549,95,2024-08-15,Counselling,password123
Krishna,Nair,24CSE007A,Female,2002-01-13,O-,Indian,MBC,1,2024-2028,3,5,krishna.nair247@svcet.edu,krishna82@gmail.com,9859449265,Nair Sneha,9952686708,Business,Ananya,9797141324,Homemaker,496188.00,"No. 11, Gandhi Road",Anna Nagar,Chennai,Tamil Nadu,600016,Maharishi Vidya Mandir,State Board,405,93,Delhi Public School,State Board,574,92,2024-08-15,Management,password123
Sai,Rao,24CSE008A,Male,2002-03-15,A-,Indian,SC,1,2024-2028,3,5,sai.rao248@svcet.edu,sai35@gmail.com,9819411797,Rao Ayaan,9920484369,Business,Aarohi,9747439741,Homemaker,683206.00,"No. 56, Gandhi Road",Anna Nagar,Trichy,Tamil Nadu,600092,St. Johns,State Board,415,91,KV,State Board,570,83,2024-08-15,Counselling,password123
Arjun,Patel,24CSE009A,Female,2005-05-10,A+,Indian,BC,1,2024-2028,3,5,arjun.patel249@svcet.edu,arjun59@gmail.com,9892739321,Patel Reyansh,9932687578,Business,Ayaan,9748234293,Homemaker,634790.00,"No. 59, Gandhi Road",Anna Nagar,Coimbatore,Tamil Nadu,600069,Maharishi Vidya Mandir,State Board,437,82,Delhi Public School,State Board,555,87,2024-08-15,Counselling,password123
Ayaan,Patel,24CSE010A,Female,2005-05-12,O-,Indian,MBC,1,2024-2028,3,5,ayaan.patel2410@svcet.edu,ayaan1@gmail.com,9811740221,Patel Sneha,9984969735,Business,Ananya,9734157874,Homemaker,505549.00,"No. 94, Gandhi Road",Anna Nagar,Chennai,Tamil Nadu,600025,KV,State Board,420,90,St. Johns,State Board,539,96,2024-08-15,Counselling,password123
Isha,Menon,24CSE011A,Male,2005-07-15,O-,Indian,SC,1,2024-2028,3,5,isha.menon2411@svcet.edu,isha47@gmail.com,9853457480,Menon Ananya,9966743808,Business,Reyansh,9751077039,Homemaker,787802.00,"No. 42, Gandhi Road",Anna Nagar,Coimbatore,Tamil Nadu,600058,KV,State Board,489,83,KV,State Board,486,93,2024-08-15,Management,password123
Ishaan,Kumar,24CSE012A,Female,2004-01-14,B-,Indian,BC,1,2024-2028,3,5,ishaan.kumar2412@svcet.edu,ishaan88@gmail.com,9824957377,Kumar Arjun,9915417183,Business,Vihaan,9760612194,Homemaker,714504.00,"No. 3, Gandhi Road",Anna Nagar,Chennai,Tamil Nadu,600093,Maharishi Vidya Mandir,State Board,485,94,St. Johns,State Board,563,80,2024-08-15,Counselling,password123
Neha,Singh,24CSE013A,Male,2005-03-15,AB-,Indian,SC,1,2024-2028,3,5,neha.singh2413@svcet.edu,neha48@gmail.com,9880684542,Singh Vihaan,9994980235,Business,Aarohi,9792458986,Homemaker,323615.00,"No. 38, Gandhi Road",Anna Nagar,Trichy,Tamil Nadu,600073,Delhi Public School,State Board,415,90,Maharishi Vidya Mandir,State Board,460,89,2024-08-15,Management,password123
Arjun,Kumar,24CSE014A,Female,2002-04-11,A+,Indian,BC,1,2024-2028,3,5,arjun.kumar2414@svcet.edu,arjun8@gmail.com,9883657125,Kumar Diya,9923686045,Business,Krishna,9716594367,Homemaker,313727.00,"No. 76, Gandhi Road",Anna Nagar,Madurai,Tamil Nadu,600051,DAV Public School,State Board,465,91,KV,State Board,579,91,2024-08-15,Management,password123
Reyansh,Pillai,24CSE015A,Male,2003-04-13,AB-,Indian,OC,1,2024-2028,3,5,reyansh.pillai2415@svcet.edu,reyansh17@gmail.com,9877147181,Pillai Kavya,9967538249,Business,Ishaan,9780152277,Homemaker,622941.00,"No. 29, Gandhi Road",Anna Nagar,Chennai,Tamil Nadu,600077,St. Johns,State Board,425,95,Delhi Public School,State Board,488,95,2024-08-15,Management,password123
Vivaan,Kumar,24CSE016A,Male,2002-02-10,O+,Indian,ST,1,2024-2028,3,5,vivaan.kumar2416@svcet.edu,vivaan20@gmail.com,9813579603,Kumar Ishaan,9959173250,Business,Ayaan,9730309500,Homemaker,220882.00,"No. 40, Gandhi Road",Anna Nagar,Madurai,Tamil Nadu,600014,Delhi Public School,State Board,424,96,DAV Public School,State Board,527,84,2024-08-15,Counselling,password123
Vihaan,Nair,24CSE017A,Female,2004-09-19,O-,Indian,BC,1,2024-2028,3,5,vihaan.nair2417@svcet.edu,vihaan30@gmail.com,9889393132,Nair Reyansh,9982232484,Business,Neha,9760682207,Homemaker,616782.00,"No. 38, Gandhi Road",Anna Nagar,Coimbatore,Tamil Nadu,600072,DAV Public School,State Board,487,94,DAV Public School,State Board,486,80,2024-08-15,Counselling,password123
Sneha,Nair,24CSE018A,Female,2004-03-11,B+,Indian,MBC,1,2024-2028,3,5,sneha.nair2418@svcet.edu,sneha59@gmail.com,9832801011,Nair Reyansh,9991065371,Business,Riya,9761319943,Homemaker,359442.00,"No. 52, Gandhi Road",Anna Nagar,Chennai,Tamil Nadu,600034,St. Johns,State Board,480,91,KV,State Board,469,90,2024-08-15,Management,password123
Ananya,Bose,24CSE019A,Female,2003-09-15,B-,Indian,BC,1,2024-2028,3,5,ananya.bose2419@svcet.edu,ananya31@gmail.com,9849841419,Bose Arjun,9979853302,Business,Arjun,9723732960,Homemaker,255619.00,"No. 62, Gandhi Road",Anna Nagar,Madurai,Tamil Nadu,600079,Delhi Public School,State Board,460,95,Maharishi Vidya Mandir,State Board,568,81,2024-08-15,Management,password123
Pooja,Sharma,24CSE020A,Female,2004-03-19,O+,Indian,BC,1,2024-2028,3,5,pooja.sharma2420@svcet.edu,pooja83@gmail.com,9842812618,Sharma Riya,9983017991,Business,Sai,9772662272,Homemaker,405202.00,"No. 66, Gandhi Road",Anna Nagar,Coimbatore,Tamil Nadu,600046,DAV Public School,State Board,475,88,Delhi Public School,State Board,566,85,2024-08-15,Counselling,password123
Sanya,Gupta,24CSE021A,Male,2002-03-18,AB-,Indian,MBC,1,2024-2028,3,5,sanya.gupta2421@svcet.edu,sanya75@gmail.com,9896957391,Gupta Aditya,9977382297,Business,Vivaan,9798916134,Homemaker,720559.00,"No. 2, Gandhi Road",Anna Nagar,Coimbatore,Tamil Nadu,600077,KV,State Board,466,92,KV,State Board,503,93,2024-08-15,Counselling,password123
Reyansh,Gupta,24CSE022A,Male,2002-05-19,A+,Indian,OC,1,2024-2028,3,5,reyansh.gupta2422@svcet.edu,reyansh57@gmail.com,9847295198,Gupta Vivaan,9992460568,Business,Vihaan,9763310616,Homemaker,742762.00,"No. 47, Gandhi Road",Anna Nagar,Trichy,Tamil Nadu,600058,Maharishi Vidya Mandir,State Board,418,90,Maharishi Vidya Mandir,State Board,542,93,2024-08-15,Management,password123
Isha,Bose,24CSE023A,Male,2002-04-19,O+,Indian,MBC,1,2024-2028,3,5,isha.bose2423@svcet.edu,isha58@gmail.com,9882713780,Bose Aditya,9927976427,Business,Ananya,9720420602,Homemaker,706451.00,"No. 9, Gandhi Road",Anna Nagar,Chennai,Tamil Nadu,600029,St. Johns,State Board,453,92,DAV Public School,State Board,520,81,2024-08-15,Management,password123
Ishaan,Verma,24CSE024A,Male,2003-08-12,A+,Indian,ST,1,2024-2028,3,5,ishaan.verma2424@svcet.edu,ishaan25@gmail.com,9887644151,Verma Ishaan,9910046045,Business,Aditya,9757566772,Homemaker,360821.00,"No. 14, Gandhi Road",Anna Nagar,Salem,Tamil Nadu,600075,Delhi Public School,State Board,470,97,DAV Public School,State Board,536,87,2024-08-15,Counselling,password123
Diya,Bose,24CSE025A,Male,2006-03-19,A+,Indian,OC,1,2024-2028,3,5,diya.bose2425@svcet.edu,diya36@gmail.com,9813981096,Bose Kavya,9979427968,Business,Vihaan,9775239742,Homemaker,449491.00,"No. 19, Gandhi Road",Anna Nagar,Trichy,Tamil Nadu,600059,Delhi Public School,State Board,456,96,Delhi Public School,State Board,557,94,2024-08-15,Management,password123
Riya,Bose,24CSE026A,Male,2006-04-11,B+,Indian,BC,1,2024-2028,3,5,riya.bose2426@svcet.edu,riya24@gmail.com,9867307414,Bose Reyansh,9940298367,Business,Isha,9759852096,Homemaker,311576.00,"No. 9, Gandhi Road",Anna Nagar,Coimbatore,Tamil Nadu,600038,St. Johns,State Board,479,98,Maharishi Vidya Mandir,State Board,493,92,2024-08-15,Counselling,password123
Isha,Reddy,24CSE027A,Male,2004-09-15,O-,Indian,BC,1,2024-2028,3,5,isha.reddy2427@svcet.edu,isha91@gmail.com,9834366394,Reddy Neha,9924808269,Business,Vihaan,9782645527,Homemaker,756835.00,"No. 57, Gandhi Road",Anna Nagar,Coimbatore,Tamil Nadu,600067,Maharishi Vidya Mandir,State Board,461,81,Maharishi Vidya Mandir,State Board,489,88,2024-08-15,Management,password123
Arjun,Pillai,24CSE028A,Male,2004-07-14,B-,Indian,ST,1,2024-2028,3,5,arjun.pillai2428@svcet.edu,arjun71@gmail.com,9814753009,Pillai Sanya,9927223519,Business,Sanya,9729963117,Homemaker,483941.00,"No. 63, Gandhi Road",Anna Nagar,Chennai,Tamil Nadu,600083,Delhi Public School,State Board,447,97,Delhi Public School,State Board,549,77,2024-08-15,Management,password123
Ayaan,Menon,24CSE029A,Female,2006-02-19,O+,Indian,ST,1,2024-2028,3,5,ayaan.menon2429@svcet.edu,ayaan34@gmail.com,9850955062,Menon Sneha,9977560930,Business,Vivaan,9769663785,Homemaker,244574.00,"No. 92, Gandhi Road",Anna Nagar,Coimbatore,Tamil Nadu,600043,KV,State Board,473,82,Maharishi Vidya Mandir,State Board,491,84,2024-08-15,Management,password123
Ayaan,Das,24CSE030A,Male,2006-08-14,O-,Indian,MBC,1,2024-2028,3,5,ayaan.das2430@svcet.edu,ayaan42@gmail.com,9855386202,Das Pooja,9976117634,Business,Sneha,9731363353,Homemaker,679734.00,"No. 65, Gandhi Road",Anna Nagar,Chennai,Tamil Nadu,600015,Maharishi Vidya Mandir,State Board,411,82,Delhi Public School,State Board,561,80,2024-08-15,Management,password123
Aditya,Rao,24CSE001B,Female,2003-01-18,B+,Indian,SC,1,2024-2028,3,5,aditya.rao241@svcet.edu,aditya85@gmail.com,9834651400,Rao Sai,9924523548,Business,Riya,9723999478,Homemaker,594935.00,"No. 59, Gandhi Road",Anna Nagar,Trichy,Tamil Nadu,600053,KV,State Board,418,98,Maharishi Vidya Mandir,State Board,579,96,2024-08-15,Management,password123
Ayaan,Kumar,24CSE002B,Male,2005-08-18,A-,Indian,MBC,1,2024-2028,3,5,ayaan.kumar242@svcet.edu,ayaan92@gmail.com,9824534296,Kumar Arjun,9939913422,Business,Ayaan,9739722287,Homemaker,548891.00,"No. 31, Gandhi Road",Anna Nagar,Madurai,Tamil Nadu,600074,DAV Public School,State Board,467,86,St. Johns,State Board,525,87,2024-08-15,Counselling,password123
Aarohi,Verma,24CSE003B,Male,2005-08-13,AB+,Indian,MBC,1,2024-2028,3,5,aarohi.verma243@svcet.edu,aarohi67@gmail.com,9879252390,Verma Ishaan,9920641973,Business,Ayaan,9752422084,Homemaker,443977.00,"No. 30, Gandhi Road",Anna Nagar,Chennai,Tamil Nadu,600025,Delhi Public School,State Board,411,94,DAV Public School,State Board,547,84,2024-08-15,Counselling,password123
Sanya,Gupta,24CSE004B,Male,2005-09-17,AB+,Indian,ST,1,2024-2028,3,5,sanya.gupta244@svcet.edu,sanya51@gmail.com,9868631073,Gupta Ishaan,9919472004,Business,Kavya,9716915516,Homemaker,519572.00,"No. 6, Gandhi Road",Anna Nagar,Trichy,Tamil Nadu,600044,St. Johns,State Board,428,88,DAV Public School,State Board,562,93,2024-08-15,Management,password123
Ishaan,Menon,24CSE005B,Male,2005-09-19,A-,Indian,MBC,1,2024-2028,3,5,ishaan.menon245@svcet.edu,ishaan89@gmail.com,9885356918,Menon Arjun,9968545230,Business,Ananya,9750187247,Homemaker,563404.00,"No. 31, Gandhi Road",Anna Nagar,Madurai,Tamil Nadu,600087,St. Johns,State Board,452,83,Maharishi Vidya Mandir,State Board,472,94,2024-08-15,Management,password123
Aarohi,Nair,24CSE006B,Female,2003-03-13,AB-,Indian,MBC,1,2024-2028,3,5,aarohi.nair246@svcet.edu,aarohi29@gmail.com,9830979299,Nair Aditya,9986830386,Business,Diya,9731457171,Homemaker,794328.00,"No. 54, Gandhi Road",Anna Nagar,Coimbatore,Tamil Nadu,600093,Delhi Public School,State Board,457,83,Delhi Public School,State Board,473,86,2024-08-15,Counselling,password123
Riya,Nair,24CSE007B,Male,2004-04-17,O+,Indian,ST,1,2024-2028,3,5,riya.nair247@svcet.edu,riya70@gmail.com,9849051729,Nair Arjun,9961218289,Business,Isha,9737651926,Homemaker,264406.00,"No. 13, Gandhi Road",Anna Nagar,Trichy,Tamil Nadu,600030,DAV Public School,State Board,407,95,Maharishi Vidya Mandir,State Board,515,94,2024-08-15,Management,password123
Vivaan,Singh,24CSE008B,Female,2002-05-11,AB-,Indian,ST,1,2024-2028,3,5,vivaan.singh248@svcet.edu,vivaan35@gmail.com,9859813687,Singh Reyansh,9968834847,Business,Aarohi,9748912075,Homemaker,796081.00,"No. 90, Gandhi Road",Anna Nagar,Coimbatore,Tamil Nadu,600027,DAV Public School,State Board,441,91,Maharishi Vidya Mandir,State Board,472,92,2024-08-15,Counselling,password123
Vihaan,Kumar,24CSE009B,Female,2002-06-17,AB+,Indian,MBC,1,2024-2028,3,5,vihaan.kumar249@svcet.edu,vihaan41@gmail.com,9840800441,Kumar Sai,9995638994,Business,Aarav,9799505922,Homemaker,523746.00,"No. 83, Gandhi Road",Anna Nagar,Coimbatore,Tamil Nadu,600091,St. Johns,State Board,428,97,Maharishi Vidya Mandir,State Board,532,85,2024-08-15,Counselling,password123
Isha,Sharma,24CSE010B,Female,2006-02-15,AB-,Indian,OC,1,2024-2028,3,5,isha.sharma2410@svcet.edu,isha11@gmail.com,9841830752,Sharma Vivaan,9955433179,Business,Sneha,9738489884,Homemaker,759860.00,"No. 35, Gandhi Road",Anna Nagar,Coimbatore,Tamil Nadu,600098,DAV Public School,State Board,436,86,Maharishi Vidya Mandir,State Board,500,82,2024-08-15,Management,password123
Kavya,Patel,24CSE011B,Male,2006-04-16,AB-,Indian,OC,1,2024-2028,3,5,kavya.patel2411@svcet.edu,kavya24@gmail.com,9841668021,Patel Diya,9967660302,Business,Krishna,9741311621,Homemaker,608291.00,"No. 95, Gandhi Road",Anna Nagar,Madurai,Tamil Nadu,600091,KV,State Board,489,90,KV,State Board,575,78,2024-08-15,Counselling,password123
Diya,Nair,24CSE012B,Male,2003-08-16,B+,Indian,OC,1,2024-2028,3,5,diya.nair2412@svcet.edu,diya18@gmail.com,9875880712,Nair Isha,9988789497,Business,Pooja,9764234536,Homemaker,278008.00,"No. 68, Gandhi Road",Anna Nagar,Chennai,Tamil Nadu,600018,DAV Public School,State Board,452,86,DAV Public School,State Board,519,93,2024-08-15,Management,password123
Neha,Sharma,24CSE013B,Female,2003-02-10,B+,Indian,OC,1,2024-2028,3,5,neha.sharma2413@svcet.edu,neha76@gmail.com,9855556196,Sharma Vihaan,9935318830,Business,Pooja,9718200746,Homemaker,347809.00,"No. 55, Gandhi Road",Anna Nagar,Coimbatore,Tamil Nadu,600091,St. Johns,State Board,460,87,St. Johns,State Board,526,85,2024-08-15,Management,password123
Aarohi,Nair,24CSE014B,Male,2003-08-13,AB-,Indian,OC,1,2024-2028,3,5,aarohi.nair2414@svcet.edu,aarohi38@gmail.com,9892114949,Nair Neha,9934421849,Business,Sanya,9770825901,Homemaker,217607.00,"No. 99, Gandhi Road",Anna Nagar,Chennai,Tamil Nadu,600081,Maharishi Vidya Mandir,State Board,470,92,Delhi Public School,State Board,482,84,2024-08-15,Management,password123
Krishna,Reddy,24CSE015B,Female,2004-05-16,O+,Indian,OC,1,2024-2028,3,5,krishna.reddy2415@svcet.edu,krishna45@gmail.com,9869133649,Reddy Reyansh,9978120686,Business,Aarav,9757107541,Homemaker,259501.00,"No. 64, Gandhi Road",Anna Nagar,Chennai,Tamil Nadu,600014,St. Johns,State Board,408,96,KV,State Board,486,78,2024-08-15,Counselling,password123
Ishaan,Verma,24CSE016B,Female,2002-09-11,AB+,Indian,OC,1,2024-2028,3,5,ishaan.verma2416@svcet.edu,ishaan40@gmail.com,9888318518,Verma Aditya,9962756421,Business,Kavya,9741128627,Homemaker,446542.00,"No. 62, Gandhi Road",Anna Nagar,Coimbatore,Tamil Nadu,600072,Maharishi Vidya Mandir,State Board,458,93,KV,State Board,452,78,2024-08-15,Counselling,password123
Aarav,Patel,24CSE017B,Female,2003-06-17,O-,Indian,MBC,1,2024-2028,3,5,aarav.patel2417@svcet.edu,aarav62@gmail.com,9885032191,Patel Isha,9947347822,Business,Aarav,9728827706,Homemaker,681971.00,"No. 74, Gandhi Road",Anna Nagar,Trichy,Tamil Nadu,600032,Delhi Public School,State Board,409,92,Maharishi Vidya Mandir,State Board,458,89,2024-08-15,Counselling,password123
Sai,Das,24CSE018B,Female,2003-05-13,A-,Indian,MBC,1,2024-2028,3,5,sai.das2418@svcet.edu,sai25@gmail.com,9815302299,Das Aditya,9922720614,Business,Reyansh,9745482714,Homemaker,287571.00,"No. 26, Gandhi Road",Anna Nagar,Trichy,Tamil Nadu,600077,DAV Public School,State Board,439,92,DAV Public School,State Board,504,83,2024-08-15,Counselling,password123
Neha,Das,24CSE019B,Female,2004-08-10,A-,Indian,BC,1,2024-2028,3,5,neha.das2419@svcet.edu,neha95@gmail.com,9844335814,Das Sneha,9972335134,Business,Ananya,9722109363,Homemaker,562905.00,"No. 45, Gandhi Road",Anna Nagar,Salem,Tamil Nadu,600023,Maharishi Vidya Mandir,State Board,423,97,Delhi Public School,State Board,516,80,2024-08-15,Counselling,password123
Riya,Gupta,24CSE020B,Male,2005-07-19,A+,Indian,BC,1,2024-2028,3,5,riya.gupta2420@svcet.edu,riya73@gmail.com,9829553702,Gupta Sneha,9932643414,Business,Neha,9764646518,Homemaker,535238.00,"No. 13, Gandhi Road",Anna Nagar,Salem,Tamil Nadu,600036,KV,State Board,405,95,DAV Public School,State Board,533,79,2024-08-15,Management,password123
Pooja,Kumar,24CSE021B,Female,2005-01-10,AB-,Indian,OC,1,2024-2028,3,5,pooja.kumar2421@svcet.edu,pooja58@gmail.com,9828883682,Kumar Krishna,9961487177,Business,Aditya,9792577356,Homemaker,458856.00,"No. 2, Gandhi Road",Anna Nagar,Coimbatore,Tamil Nadu,600098,Maharishi Vidya Mandir,State Board,464,97,KV,State Board,576,77,2024-08-15,Management,password123
Vihaan,Reddy,24CSE022B,Male,2002-01-19,O-,Indian,MBC,1,2024-2028,3,5,vihaan.reddy2422@svcet.edu,vihaan5@gmail.com,9847232366,Reddy Vihaan,9962239845,Business,Ananya,9762608978,Homemaker,496521.00,"No. 14, Gandhi Road",Anna Nagar,Madurai,Tamil Nadu,600095,St. Johns,State Board,452,94,Maharishi Vidya Mandir,State Board,537,92,2024-08-15,Counselling,password123
Vihaan,Menon,24CSE023B,Female,2003-01-10,B+,Indian,BC,1,2024-2028,3,5,vihaan.menon2423@svcet.edu,vihaan88@gmail.com,9844225265,Menon Sneha,9992379831,Business,Diya,9770201833,Homemaker,603319.00,"No. 47, Gandhi Road",Anna Nagar,Trichy,Tamil Nadu,600044,KV,State Board,454,90,St. Johns,State Board,452,86,2024-08-15,Management,password123
Krishna,Das,24CSE024B,Male,2003-06-19,B+,Indian,BC,1,2024-2028,3,5,krishna.das2424@svcet.edu,krishna28@gmail.com,9828236619,Das Sanya,9935663580,Business,Sneha,9761372683,Homemaker,462841.00,"No. 77, Gandhi Road",Anna Nagar,Trichy,Tamil Nadu,600095,DAV Public School,State Board,487,84,KV,State Board,463,91,2024-08-15,Counselling,password123
Riya,Sharma,24CSE025B,Male,2005-02-16,AB-,Indian,OC,1,2024-2028,3,5,riya.sharma2425@svcet.edu,riya37@gmail.com,9829565410,Sharma Krishna,9943005898,Business,Neha,9771824744,Homemaker,762634.00,"No. 78, Gandhi Road",Anna Nagar,Salem,Tamil Nadu,600058,DAV Public School,State Board,443,95,St. Johns,State Board,556,85,2024-08-15,Management,password123
Kavya,Menon,24CSE026B,Female,2004-01-12,B+,Indian,MBC,1,2024-2028,3,5,kavya.menon2426@svcet.edu,kavya77@gmail.com,9872307355,Menon Kavya,9994321871,Business,Aarav,9780066322,Homemaker,296952.00,"No. 85, Gandhi Road",Anna Nagar,Trichy,Tamil Nadu,600067,KV,State Board,425,80,Delhi Public School,State Board,455,83,2024-08-15,Counselling,password123
Reyansh,Menon,24CSE027B,Male,2005-08-19,B+,Indian,MBC,1,2024-2028,3,5,reyansh.menon2427@svcet.edu,reyansh55@gmail.com,9859151951,Menon Arjun,9953383810,Business,Sanya,9754912601,Homemaker,761238.00,"No. 45, Gandhi Road",Anna Nagar,Salem,Tamil Nadu,600058,KV,State Board,466,93,St. Johns,State Board,533,80,2024-08-15,Counselling,password123
Reyansh,Patel,24CSE028B,Female,2005-04-12,A-,Indian,ST,1,2024-2028,3,5,reyansh.patel2428@svcet.edu,reyansh17@gmail.com,9843826681,Patel Ayaan,9954445974,Business,Krishna,9752085307,Homemaker,245034.00,"No. 11, Gandhi Road",Anna Nagar,Madurai,Tamil Nadu,600066,KV,State Board,418,96,Delhi Public School,State Board,525,82,2024-08-15,Counselling,password123
Kavya,Kumar,24CSE029B,Male,2006-03-17,A+,Indian,BC,1,2024-2028,3,5,kavya.kumar2429@svcet.edu,kavya40@gmail.com,9871736489,Kumar Ananya,9950995325,Business,Arjun,9730512237,Homemaker,547718.00,"No. 39, Gandhi Road",Anna Nagar,Madurai,Tamil Nadu,600017,KV,State Board,401,83,KV,State Board,533,85,2024-08-15,Management,password123
Pooja,Pillai,24CSE030B,Male,2005-09-10,AB-,Indian,OC,1,2024-2028,3,5,pooja.pillai2430@svcet.edu,pooja97@gmail.com,9893574032,Pillai Pooja,9911527972,Business,Vivaan,9782035915,Homemaker,726866.00,"No. 27, Gandhi Road",Anna Nagar,Madurai,Tamil Nadu,600021,Delhi Public School,State Board,406,80,Delhi Public School,State Board,547,81,2024-08-15,Management,password123
Ananya,Pillai,25CSE001A,Female,2006-09-11,A+,Indian,OC,1,2025-2029,2,3,ananya.pillai251@svcet.edu,ananya21@gmail.com,9860462571,Pillai Ananya,9925576559,Business,Neha,9735131485,Homemaker,268099.00,"No. 16, Gandhi Road",Anna Nagar,Madurai,Tamil Nadu,600029,KV,State Board,450,83,St. Johns,State Board,483,77,2025-08-15,Counselling,password123
Sneha,Reddy,25CSE002A,Male,2006-01-15,B-,Indian,BC,1,2025-2029,2,3,sneha.reddy252@svcet.edu,sneha43@gmail.com,9894573332,Reddy Neha,9926255671,Business,Krishna,9729253091,Homemaker,774998.00,"No. 36, Gandhi Road",Anna Nagar,Madurai,Tamil Nadu,600012,Maharishi Vidya Mandir,State Board,450,86,St. Johns,State Board,555,83,2025-08-15,Management,password123
Reyansh,Bose,25CSE003A,Male,2006-07-17,AB-,Indian,MBC,1,2025-2029,2,3,reyansh.bose253@svcet.edu,reyansh74@gmail.com,9814157670,Bose Krishna,9929531085,Business,Kavya,9728738886,Homemaker,322437.00,"No. 2, Gandhi Road",Anna Nagar,Coimbatore,Tamil Nadu,600070,DAV Public School,State Board,484,95,St. Johns,State Board,561,76,2025-08-15,Management,password123
Sneha,Menon,25CSE004A,Female,2004-04-16,B-,Indian,BC,1,2025-2029,2,3,sneha.menon254@svcet.edu,sneha54@gmail.com,9886449361,Menon Arjun,9992856481,Business,Kavya,9749143515,Homemaker,217618.00,"No. 30, Gandhi Road",Anna Nagar,Coimbatore,Tamil Nadu,600029,KV,State Board,407,96,KV,State Board,574,94,2025-08-15,Management,password123
Ishaan,Patel,25CSE005A,Female,2006-08-11,O-,Indian,SC,1,2025-2029,2,3,ishaan.patel255@svcet.edu,ishaan94@gmail.com,9868547714,Patel Neha,9987996730,Business,Sai,9718857558,Homemaker,288602.00,"No. 48, Gandhi Road",Anna Nagar,Madurai,Tamil Nadu,600094,KV,State Board,469,86,Delhi Public School,State Board,528,79,2025-08-15,Counselling,password123
Vihaan,Gupta,25CSE006A,Male,2005-09-18,O+,Indian,SC,1,2025-2029,2,3,vihaan.gupta256@svcet.edu,vihaan93@gmail.com,9846826771,Gupta Ayaan,9976169838,Business,Kavya,9775498260,Homemaker,525994.00,"No. 74, Gandhi Road",Anna Nagar,Trichy,Tamil Nadu,600037,KV,State Board,464,87,St. Johns,State Board,557,77,2025-08-15,Counselling,password123
Ishaan,Singh,25CSE007A,Male,2003-01-12,A-,Indian,ST,1,2025-2029,2,3,ishaan.singh257@svcet.edu,ishaan82@gmail.com,9875822591,Singh Kavya,9928898716,Business,Sai,9747787183,Homemaker,723259.00,"No. 30, Gandhi Road",Anna Nagar,Coimbatore,Tamil Nadu,600095,KV,State Board,420,89,DAV Public School,State Board,507,79,2025-08-15,Management,password123
Isha,Singh,25CSE008A,Female,2006-07-16,A+,Indian,BC,1,2025-2029,2,3,isha.singh258@svcet.edu,isha30@gmail.com,9815620094,Singh Vihaan,9994994025,Business,Sneha,9743329580,Homemaker,288343.00,"No. 69, Gandhi Road",Anna Nagar,Chennai,Tamil Nadu,600041,St. Johns,State Board,486,98,Maharishi Vidya Mandir,State Board,476,89,2025-08-15,Management,password123
Riya,Singh,25CSE009A,Male,2003-04-13,A-,Indian,SC,1,2025-2029,2,3,riya.singh259@svcet.edu,riya35@gmail.com,9852249329,Singh Aditya,9964527635,Business,Sai,9792603562,Homemaker,567083.00,"No. 19, Gandhi Road",Anna Nagar,Coimbatore,Tamil Nadu,600079,KV,State Board,452,92,Maharishi Vidya Mandir,State Board,467,77,2025-08-15,Management,password123
Aditya,Nair,25CSE010A,Male,2004-09-10,AB-,Indian,BC,1,2025-2029,2,3,aditya.nair2510@svcet.edu,aditya38@gmail.com,9851227235,Nair Sneha,9926715117,Business,Ananya,9722042546,Homemaker,505596.00,"No. 9, Gandhi Road",Anna Nagar,Salem,Tamil Nadu,600098,St. Johns,State Board,424,80,KV,State Board,562,86,2025-08-15,Counselling,password123
Ishaan,Gupta,25CSE011A,Female,2005-09-14,O+,Indian,ST,1,2025-2029,2,3,ishaan.gupta2511@svcet.edu,ishaan38@gmail.com,9844124166,Gupta Neha,9987857286,Business,Sanya,9742899874,Homemaker,419985.00,"No. 39, Gandhi Road",Anna Nagar,Coimbatore,Tamil Nadu,600074,Maharishi Vidya Mandir,State Board,471,81,Delhi Public School,State Board,568,90,2025-08-15,Counselling,password123
Diya,Nair,25CSE012A,Female,2005-02-10,AB+,Indian,BC,1,2025-2029,2,3,diya.nair2512@svcet.edu,diya78@gmail.com,9887256459,Nair Sanya,9999467642,Business,Aditya,9734064514,Homemaker,563864.00,"No. 92, Gandhi Road",Anna Nagar,Salem,Tamil Nadu,600013,DAV Public School,State Board,468,96,KV,State Board,513,95,2025-08-15,Counselling,password123
Aarav,Bose,25CSE013A,Female,2004-05-12,B-,Indian,BC,1,2025-2029,2,3,aarav.bose2513@svcet.edu,aarav26@gmail.com,9856661394,Bose Ayaan,9992139433,Business,Kavya,9783700799,Homemaker,536703.00,"No. 54, Gandhi Road",Anna Nagar,Coimbatore,Tamil Nadu,600087,DAV Public School,State Board,475,80,KV,State Board,480,95,2025-08-15,Management,password123
Ishaan,Menon,25CSE014A,Female,2002-03-12,B-,Indian,BC,1,2025-2029,2,3,ishaan.menon2514@svcet.edu,ishaan34@gmail.com,9868205610,Menon Neha,9992248477,Business,Krishna,9717355938,Homemaker,764203.00,"No. 37, Gandhi Road",Anna Nagar,Madurai,Tamil Nadu,600052,St. Johns,State Board,407,94,DAV Public School,State Board,575,88,2025-08-15,Management,password123
Kavya,Patel,25CSE015A,Female,2004-08-18,AB-,Indian,SC,1,2025-2029,2,3,kavya.patel2515@svcet.edu,kavya58@gmail.com,9815663605,Patel Vivaan,9941797815,Business,Kavya,9724756130,Homemaker,570731.00,"No. 11, Gandhi Road",Anna Nagar,Coimbatore,Tamil Nadu,600089,Delhi Public School,State Board,489,84,Maharishi Vidya Mandir,State Board,568,86,2025-08-15,Counselling,password123
Ayaan,Patel,25CSE016A,Female,2006-03-17,B-,Indian,SC,1,2025-2029,2,3,ayaan.patel2516@svcet.edu,ayaan53@gmail.com,9811455541,Patel Krishna,9931960752,Business,Ayaan,9768307989,Homemaker,718898.00,"No. 23, Gandhi Road",Anna Nagar,Madurai,Tamil Nadu,600065,Maharishi Vidya Mandir,State Board,411,89,Delhi Public School,State Board,563,92,2025-08-15,Management,password123
Sai,Menon,25CSE017A,Male,2005-05-16,AB+,Indian,ST,1,2025-2029,2,3,sai.menon2517@svcet.edu,sai13@gmail.com,9878921696,Menon Reyansh,9982793934,Business,Vihaan,9728255469,Homemaker,274823.00,"No. 3, Gandhi Road",Anna Nagar,Madurai,Tamil Nadu,600084,Maharishi Vidya Mandir,State Board,485,91,Maharishi Vidya Mandir,State Board,542,86,2025-08-15,Management,password123
Vivaan,Nair,25CSE018A,Male,2003-04-13,A+,Indian,MBC,1,2025-2029,2,3,vivaan.nair2518@svcet.edu,vivaan55@gmail.com,9896840809,Nair Sai,9970600132,Business,Isha,9776970062,Homemaker,507444.00,"No. 21, Gandhi Road",Anna Nagar,Trichy,Tamil Nadu,600024,St. Johns,State Board,462,82,DAV Public School,State Board,546,76,2025-08-15,Counselling,password123
Pooja,Bose,25CSE019A,Male,2004-07-18,A+,Indian,ST,1,2025-2029,2,3,pooja.bose2519@svcet.edu,pooja1@gmail.com,9825927411,Bose Sanya,9938190947,Business,Aditya,9745058587,Homemaker,388601.00,"No. 85, Gandhi Road",Anna Nagar,Madurai,Tamil Nadu,600053,Maharishi Vidya Mandir,State Board,424,82,DAV Public School,State Board,510,81,2025-08-15,Counselling,password123
Vivaan,Rao,25CSE020A,Female,2003-09-12,B-,Indian,OC,1,2025-2029,2,3,vivaan.rao2520@svcet.edu,vivaan60@gmail.com,9832042366,Rao Arjun,9923966273,Business,Sai,9733948531,Homemaker,405075.00,"No. 92, Gandhi Road",Anna Nagar,Madurai,Tamil Nadu,600067,DAV Public School,State Board,402,88,KV,State Board,564,80,2025-08-15,Counselling,password123
Pooja,Sharma,25CSE021A,Female,2003-02-14,A+,Indian,ST,1,2025-2029,2,3,pooja.sharma2521@svcet.edu,pooja1@gmail.com,9833370142,Sharma Sneha,9975583726,Business,Krishna,9780383233,Homemaker,390985.00,"No. 89, Gandhi Road",Anna Nagar,Madurai,Tamil Nadu,600092,Delhi Public School,State Board,400,92,St. Johns,State Board,454,88,2025-08-15,Management,password123
Vivaan,Verma,25CSE022A,Female,2004-03-11,A+,Indian,ST,1,2025-2029,2,3,vivaan.verma2522@svcet.edu,vivaan58@gmail.com,9822764810,Verma Riya,9977275388,Business,Diya,9772980137,Homemaker,441313.00,"No. 60, Gandhi Road",Anna Nagar,Chennai,Tamil Nadu,600011,Maharishi Vidya Mandir,State Board,463,89,St. Johns,State Board,477,80,2025-08-15,Management,password123
Kavya,Singh,25CSE023A,Female,2004-07-17,A+,Indian,ST,1,2025-2029,2,3,kavya.singh2523@svcet.edu,kavya24@gmail.com,9856865327,Singh Krishna,9910003661,Business,Ishaan,9798123577,Homemaker,755624.00,"No. 17, Gandhi Road",Anna Nagar,Chennai,Tamil Nadu,600010,KV,State Board,439,89,DAV Public School,State Board,457,84,2025-08-15,Counselling,password123
Aarav,Nair,25CSE024A,Female,2003-07-11,B+,Indian,OC,1,2025-2029,2,3,aarav.nair2524@svcet.edu,aarav58@gmail.com,9836960436,Nair Aarav,9940541185,Business,Ishaan,9752379077,Homemaker,756068.00,"No. 49, Gandhi Road",Anna Nagar,Salem,Tamil Nadu,600086,DAV Public School,State Board,443,92,Delhi Public School,State Board,521,83,2025-08-15,Counselling,password123
Neha,Bose,25CSE025A,Female,2004-03-16,B-,Indian,OC,1,2025-2029,2,3,neha.bose2525@svcet.edu,neha59@gmail.com,9838185320,Bose Reyansh,9912864313,Business,Riya,9799671906,Homemaker,519327.00,"No. 15, Gandhi Road",Anna Nagar,Chennai,Tamil Nadu,600035,KV,State Board,488,84,Delhi Public School,State Board,528,81,2025-08-15,Management,password123
Aditya,Sharma,25CSE026A,Female,2005-06-17,A+,Indian,MBC,1,2025-2029,2,3,aditya.sharma2526@svcet.edu,aditya94@gmail.com,9836993200,Sharma Sanya,9942491281,Business,Aditya,9780097610,Homemaker,675331.00,"No. 64, Gandhi Road",Anna Nagar,Salem,Tamil Nadu,600051,KV,State Board,454,96,St. Johns,State Board,476,76,2025-08-15,Management,password123
Arjun,Patel,25CSE027A,Female,2003-08-11,O-,Indian,ST,1,2025-2029,2,3,arjun.patel2527@svcet.edu,arjun39@gmail.com,9845667861,Patel Pooja,9994207588,Business,Riya,9785115865,Homemaker,378961.00,"No. 99, Gandhi Road",Anna Nagar,Salem,Tamil Nadu,600045,KV,State Board,435,98,KV,State Board,494,84,2025-08-15,Management,password123
Isha,Verma,25CSE028A,Female,2003-07-12,B-,Indian,SC,1,2025-2029,2,3,isha.verma2528@svcet.edu,isha83@gmail.com,9822263731,Verma Sai,9921975761,Business,Aarav,9772632178,Homemaker,670872.00,"No. 54, Gandhi Road",Anna Nagar,Chennai,Tamil Nadu,600075,Delhi Public School,State Board,428,85,Delhi Public School,State Board,504,78,2025-08-15,Counselling,password123
Diya,Pillai,25CSE029A,Male,2005-01-15,AB+,Indian,ST,1,2025-2029,2,3,diya.pillai2529@svcet.edu,diya96@gmail.com,9881112151,Pillai Sai,9937236462,Business,Sai,9729713832,Homemaker,479673.00,"No. 87, Gandhi Road",Anna Nagar,Coimbatore,Tamil Nadu,600067,Maharishi Vidya Mandir,State Board,486,96,Delhi Public School,State Board,450,83,2025-08-15,Counselling,password123
Diya,Singh,25CSE030A,Female,2006-05-16,A-,Indian,OC,1,2025-2029,2,3,diya.singh2530@svcet.edu,diya75@gmail.com,9838557695,Singh Kavya,9950230798,Business,Aarohi,9725527578,Homemaker,627548.00,"No. 68, Gandhi Road",Anna Nagar,Coimbatore,Tamil Nadu,600018,KV,State Board,465,85,Delhi Public School,State Board,513,85,2025-08-15,Management,password123
Aarohi,Gupta,25CSE001B,Male,2006-04-17,A-,Indian,OC,1,2025-2029,2,3,aarohi.gupta251@svcet.edu,aarohi5@gmail.com,9875684510,Gupta Kavya,9925904641,Business,Sai,9721535437,Homemaker,700738.00,"No. 98, Gandhi Road",Anna Nagar,Chennai,Tamil Nadu,600085,KV,State Board,456,82,KV,State Board,562,83,2025-08-15,Counselling,password123
Sanya,Rao,25CSE002B,Female,2004-02-10,AB-,Indian,ST,1,2025-2029,2,3,sanya.rao252@svcet.edu,sanya16@gmail.com,9867167157,Rao Diya,9939384611,Business,Neha,9723810480,Homemaker,701481.00,"No. 44, Gandhi Road",Anna Nagar,Salem,Tamil Nadu,600059,KV,State Board,461,89,St. Johns,State Board,493,80,2025-08-15,Counselling,password123
Aarohi,Reddy,25CSE003B,Female,2002-09-17,B+,Indian,OC,1,2025-2029,2,3,aarohi.reddy253@svcet.edu,aarohi89@gmail.com,9875632683,Reddy Vivaan,9918925193,Business,Diya,9746869691,Homemaker,364293.00,"No. 60, Gandhi Road",Anna Nagar,Coimbatore,Tamil Nadu,600027,Delhi Public School,State Board,434,87,KV,State Board,553,79,2025-08-15,Counselling,password123
Reyansh,Patel,25CSE004B,Male,2004-06-11,A-,Indian,OC,1,2025-2029,2,3,reyansh.patel254@svcet.edu,reyansh77@gmail.com,9846383207,Patel Aarav,9996969018,Business,Ishaan,9770832202,Homemaker,737232.00,"No. 11, Gandhi Road",Anna Nagar,Chennai,Tamil Nadu,600080,Delhi Public School,State Board,453,88,KV,State Board,517,88,2025-08-15,Management,password123
Sanya,Pillai,25CSE005B,Female,2005-02-12,A+,Indian,MBC,1,2025-2029,2,3,sanya.pillai255@svcet.edu,sanya36@gmail.com,9877002900,Pillai Ananya,9978427719,Business,Sanya,9796118421,Homemaker,673301.00,"No. 15, Gandhi Road",Anna Nagar,Trichy,Tamil Nadu,600065,DAV Public School,State Board,431,98,Maharishi Vidya Mandir,State Board,510,76,2025-08-15,Counselling,password123
Sai,Reddy,25CSE006B,Male,2004-04-15,AB+,Indian,MBC,1,2025-2029,2,3,sai.reddy256@svcet.edu,sai8@gmail.com,9896724048,Reddy Vivaan,9962943583,Business,Sneha,9739491516,Homemaker,748330.00,"No. 69, Gandhi Road",Anna Nagar,Trichy,Tamil Nadu,600096,DAV Public School,State Board,472,80,St. Johns,State Board,575,81,2025-08-15,Counselling,password123
Vihaan,Rao,25CSE007B,Male,2003-01-16,AB-,Indian,OC,1,2025-2029,2,3,vihaan.rao257@svcet.edu,vihaan77@gmail.com,9819470804,Rao Vihaan,9960160793,Business,Kavya,9743430696,Homemaker,772864.00,"No. 29, Gandhi Road",Anna Nagar,Madurai,Tamil Nadu,600018,DAV Public School,State Board,452,84,DAV Public School,State Board,473,90,2025-08-15,Management,password123
Krishna,Gupta,25CSE008B,Male,2006-04-19,B-,Indian,ST,1,2025-2029,2,3,krishna.gupta258@svcet.edu,krishna78@gmail.com,9876182870,Gupta Sai,9978101203,Business,Pooja,9773978711,Homemaker,500056.00,"No. 57, Gandhi Road",Anna Nagar,Trichy,Tamil Nadu,600088,KV,State Board,471,88,KV,State Board,487,81,2025-08-15,Counselling,password123
Vivaan,Rao,25CSE009B,Female,2005-05-13,AB+,Indian,ST,1,2025-2029,2,3,vivaan.rao259@svcet.edu,vivaan59@gmail.com,9818510663,Rao Vivaan,9958767355,Business,Pooja,9784076323,Homemaker,674133.00,"No. 27, Gandhi Road",Anna Nagar,Coimbatore,Tamil Nadu,600051,Delhi Public School,State Board,436,88,St. Johns,State Board,469,79,2025-08-15,Counselling,password123
Aarav,Sharma,25CSE010B,Male,2006-01-14,AB+,Indian,SC,1,2025-2029,2,3,aarav.sharma2510@svcet.edu,aarav11@gmail.com,9865377661,Sharma Ishaan,9939230331,Business,Reyansh,9733324122,Homemaker,290307.00,"No. 92, Gandhi Road",Anna Nagar,Trichy,Tamil Nadu,600092,St. Johns,State Board,476,84,Delhi Public School,State Board,542,87,2025-08-15,Management,password123
Neha,Patel,25CSE011B,Female,2003-02-18,O-,Indian,MBC,1,2025-2029,2,3,neha.patel2511@svcet.edu,neha93@gmail.com,9843653805,Patel Aditya,9946585009,Business,Ananya,9766304754,Homemaker,316489.00,"No. 2, Gandhi Road",Anna Nagar,Madurai,Tamil Nadu,600091,KV,State Board,416,82,Delhi Public School,State Board,485,92,2025-08-15,Counselling,password123
Arjun,Verma,25CSE012B,Female,2006-05-18,AB-,Indian,MBC,1,2025-2029,2,3,arjun.verma2512@svcet.edu,arjun8@gmail.com,9814237739,Verma Diya,9981105802,Business,Aditya,9765242836,Homemaker,699689.00,"No. 95, Gandhi Road",Anna Nagar,Chennai,Tamil Nadu,600036,Maharishi Vidya Mandir,State Board,431,82,Maharishi Vidya Mandir,State Board,489,95,2025-08-15,Counselling,password123
Ananya,Das,25CSE013B,Female,2006-05-12,AB+,Indian,MBC,1,2025-2029,2,3,ananya.das2513@svcet.edu,ananya27@gmail.com,9836924711,Das Neha,9962103865,Business,Vivaan,9760927707,Homemaker,397738.00,"No. 97, Gandhi Road",Anna Nagar,Chennai,Tamil Nadu,600049,DAV Public School,State Board,413,86,Delhi Public School,State Board,533,77,2025-08-15,Counselling,password123
Diya,Bose,25CSE014B,Male,2005-03-16,AB+,Indian,BC,1,2025-2029,2,3,diya.bose2514@svcet.edu,diya16@gmail.com,9894634957,Bose Ananya,9926587411,Business,Ishaan,9720578510,Homemaker,582513.00,"No. 92, Gandhi Road",Anna Nagar,Trichy,Tamil Nadu,600030,Maharishi Vidya Mandir,State Board,426,85,St. Johns,State Board,545,86,2025-08-15,Counselling,password123
Ayaan,Bose,25CSE015B,Female,2003-07-16,O-,Indian,SC,1,2025-2029,2,3,ayaan.bose2515@svcet.edu,ayaan35@gmail.com,9890970955,Bose Krishna,9968738199,Business,Riya,9789185012,Homemaker,290809.00,"No. 45, Gandhi Road",Anna Nagar,Coimbatore,Tamil Nadu,600022,KV,State Board,462,89,Maharishi Vidya Mandir,State Board,540,89,2025-08-15,Counselling,password123
Aditya,Gupta,25CSE016B,Male,2002-06-14,A+,Indian,MBC,1,2025-2029,2,3,aditya.gupta2516@svcet.edu,aditya42@gmail.com,9840405284,Gupta Riya,9968896971,Business,Diya,9729692863,Homemaker,236076.00,"No. 63, Gandhi Road",Anna Nagar,Coimbatore,Tamil Nadu,600047,St. Johns,State Board,456,85,St. Johns,State Board,547,76,2025-08-15,Management,password123
Neha,Sharma,25CSE017B,Female,2003-02-15,AB-,Indian,SC,1,2025-2029,2,3,neha.sharma2517@svcet.edu,neha19@gmail.com,9848988636,Sharma Ananya,9949038990,Business,Kavya,9774963721,Homemaker,445919.00,"No. 10, Gandhi Road",Anna Nagar,Coimbatore,Tamil Nadu,600043,Maharishi Vidya Mandir,State Board,439,88,KV,State Board,496,83,2025-08-15,Counselling,password123
Vivaan,Bose,25CSE018B,Male,2005-02-16,O+,Indian,MBC,1,2025-2029,2,3,vivaan.bose2518@svcet.edu,vivaan89@gmail.com,9899386729,Bose Pooja,9910304544,Business,Isha,9757982573,Homemaker,207610.00,"No. 21, Gandhi Road",Anna Nagar,Salem,Tamil Nadu,600019,St. Johns,State Board,485,86,St. Johns,State Board,478,75,2025-08-15,Counselling,password123
Vivaan,Gupta,25CSE019B,Female,2004-02-13,B+,Indian,MBC,1,2025-2029,2,3,vivaan.gupta2519@svcet.edu,vivaan82@gmail.com,9815058240,Gupta Vivaan,9924749859,Business,Krishna,9714707224,Homemaker,700475.00,"No. 18, Gandhi Road",Anna Nagar,Trichy,Tamil Nadu,600085,KV,State Board,405,88,DAV Public School,State Board,555,82,2025-08-15,Counselling,password123
Diya,Singh,25CSE020B,Male,2006-05-14,A-,Indian,BC,1,2025-2029,2,3,diya.singh2520@svcet.edu,diya2@gmail.com,9892148647,Singh Kavya,9961315294,Business,Sai,9790701237,Homemaker,696624.00,"No. 43, Gandhi Road",Anna Nagar,Salem,Tamil Nadu,600082,DAV Public School,State Board,470,98,Delhi Public School,State Board,475,92,2025-08-15,Management,password123
Ishaan,Singh,25CSE021B,Female,2003-08-16,AB-,Indian,OC,1,2025-2029,2,3,ishaan.singh2521@svcet.edu,ishaan23@gmail.com,9878237753,Singh Vivaan,9956832605,Business,Isha,9735716757,Homemaker,532169.00,"No. 26, Gandhi Road",Anna Nagar,Trichy,Tamil Nadu,600084,Maharishi Vidya Mandir,State Board,420,98,DAV Public School,State Board,568,83,2025-08-15,Counselling,password123
Ishaan,Gupta,25CSE022B,Male,2006-02-13,B+,Indian,ST,1,2025-2029,2,3,ishaan.gupta2522@svcet.edu,ishaan16@gmail.com,9819184428,Gupta Riya,9925164481,Business,Krishna,9722376809,Homemaker,695544.00,"No. 44, Gandhi Road",Anna Nagar,Coimbatore,Tamil Nadu,600018,DAV Public School,State Board,454,90,St. Johns,State Board,563,93,2025-08-15,Counselling,password123
Isha,Gupta,25CSE023B,Male,2002-08-10,O-,Indian,ST,1,2025-2029,2,3,isha.gupta2523@svcet.edu,isha21@gmail.com,9869405360,Gupta Ishaan,9941481695,Business,Diya,9763135266,Homemaker,644877.00,"No. 10, Gandhi Road",Anna Nagar,Salem,Tamil Nadu,600091,St. Johns,State Board,438,88,Maharishi Vidya Mandir,State Board,480,82,2025-08-15,Counselling,password123
Reyansh,Gupta,25CSE024B,Male,2005-01-12,O+,Indian,OC,1,2025-2029,2,3,reyansh.gupta2524@svcet.edu,reyansh41@gmail.com,9857093852,Gupta Aarav,9913058765,Business,Vihaan,9751821048,Homemaker,449792.00,"No. 78, Gandhi Road",Anna Nagar,Madurai,Tamil Nadu,600028,Maharishi Vidya Mandir,State Board,429,81,Maharishi Vidya Mandir,State Board,577,93,2025-08-15,Counselling,password123
Vivaan,Reddy,25CSE025B,Female,2005-03-17,B+,Indian,SC,1,2025-2029,2,3,vivaan.reddy2525@svcet.edu,vivaan85@gmail.com,9864522668,Reddy Arjun,9960519108,Business,Aarav,9736456100,Homemaker,450350.00,"No. 83, Gandhi Road",Anna Nagar,Madurai,Tamil Nadu,600016,Delhi Public School,State Board,421,93,St. Johns,State Board,460,81,2025-08-15,Counselling,password123
Krishna,Sharma,25CSE026B,Male,2004-09-17,O-,Indian,BC,1,2025-2029,2,3,krishna.sharma2526@svcet.edu,krishna20@gmail.com,9847929435,Sharma Pooja,9978264425,Business,Arjun,9736238238,Homemaker,666621.00,"No. 66, Gandhi Road",Anna Nagar,Chennai,Tamil Nadu,600025,KV,State Board,427,95,DAV Public School,State Board,552,91,2025-08-15,Counselling,password123
Aarohi,Patel,25CSE027B,Female,2004-04-19,O+,Indian,ST,1,2025-2029,2,3,aarohi.patel2527@svcet.edu,aarohi80@gmail.com,9858472077,Patel Arjun,9923541478,Business,Ananya,9756203187,Homemaker,775181.00,"No. 70, Gandhi Road",Anna Nagar,Madurai,Tamil Nadu,600064,St. Johns,State Board,429,85,KV,State Board,527,80,2025-08-15,Counselling,password123
Aarav,Sharma,25CSE028B,Female,2003-01-13,AB-,Indian,OC,1,2025-2029,2,3,aarav.sharma2528@svcet.edu,aarav78@gmail.com,9894759251,Sharma Aarav,9925500075,Business,Aarohi,9759606528,Homemaker,263025.00,"No. 23, Gandhi Road",Anna Nagar,Chennai,Tamil Nadu,600048,DAV Public School,State Board,468,81,DAV Public School,State Board,535,78,2025-08-15,Management,password123
Aditya,Singh,25CSE029B,Female,2003-04-19,O-,Indian,SC,1,2025-2029,2,3,aditya.singh2529@svcet.edu,aditya96@gmail.com,9835862723,Singh Isha,9989644610,Business,Pooja,9761703805,Homemaker,408561.00,"No. 95, Gandhi Road",Anna Nagar,Salem,Tamil Nadu,600026,Delhi Public School,State Board,409,91,DAV Public School,State Board,575,83,2025-08-15,Management,password123
Sanya,Sharma,25CSE030B,Female,2003-02-17,O-,Indian,MBC,1,2025-2029,2,3,sanya.sharma2530@svcet.edu,sanya81@gmail.com,9896401055,Sharma Ayaan,9987154985,Business,Neha,9770863423,Homemaker,293296.00,"No. 1, Gandhi Road",Anna Nagar,Chennai,Tamil Nadu,600035,DAV Public School,State Board,414,84,DAV Public School,State Board,486,75,2025-08-15,Counselling,password123
Sai,Das,26CSE001A,Male,2004-06-19,O-,Indian,OC,1,2026-2030,1,1,sai.das261@svcet.edu,sai2@gmail.com,9889247677,Das Ayaan,9995543652,Business,Sneha,9723761924,Homemaker,665894.00,"No. 38, Gandhi Road",Anna Nagar,Coimbatore,Tamil Nadu,600053,Delhi Public School,State Board,411,95,St. Johns,State Board,472,79,2026-08-15,Management,password123
Neha,Verma,26CSE002A,Male,2006-06-16,B+,Indian,SC,1,2026-2030,1,1,neha.verma262@svcet.edu,neha36@gmail.com,9817154160,Verma Ishaan,9954551852,Business,Isha,9739479790,Homemaker,278994.00,"No. 23, Gandhi Road",Anna Nagar,Trichy,Tamil Nadu,600046,DAV Public School,State Board,450,98,KV,State Board,538,84,2026-08-15,Management,password123
Kavya,Reddy,26CSE003A,Female,2003-09-13,B+,Indian,SC,1,2026-2030,1,1,kavya.reddy263@svcet.edu,kavya90@gmail.com,9851139239,Reddy Aarav,9921761577,Business,Vivaan,9735787117,Homemaker,318543.00,"No. 60, Gandhi Road",Anna Nagar,Salem,Tamil Nadu,600096,Maharishi Vidya Mandir,State Board,405,93,KV,State Board,542,91,2026-08-15,Management,password123
Isha,Kumar,26CSE004A,Female,2002-07-18,AB-,Indian,BC,1,2026-2030,1,1,isha.kumar264@svcet.edu,isha58@gmail.com,9856565629,Kumar Kavya,9943066827,Business,Sai,9717735488,Homemaker,755474.00,"No. 99, Gandhi Road",Anna Nagar,Madurai,Tamil Nadu,600061,KV,State Board,458,85,St. Johns,State Board,533,85,2026-08-15,Management,password123
Aditya,Verma,26CSE005A,Female,2006-05-18,AB-,Indian,BC,1,2026-2030,1,1,aditya.verma265@svcet.edu,aditya19@gmail.com,9848570554,Verma Ananya,9964483579,Business,Reyansh,9799067527,Homemaker,672282.00,"No. 73, Gandhi Road",Anna Nagar,Coimbatore,Tamil Nadu,600095,Maharishi Vidya Mandir,State Board,479,82,St. Johns,State Board,552,86,2026-08-15,Counselling,password123
Arjun,Das,26CSE006A,Male,2003-05-18,A+,Indian,SC,1,2026-2030,1,1,arjun.das266@svcet.edu,arjun17@gmail.com,9837082467,Das Aarohi,9955160401,Business,Sanya,9761488148,Homemaker,269873.00,"No. 86, Gandhi Road",Anna Nagar,Madurai,Tamil Nadu,600010,Maharishi Vidya Mandir,State Board,432,98,Delhi Public School,State Board,543,91,2026-08-15,Counselling,password123
Isha,Menon,26CSE007A,Female,2006-09-10,B-,Indian,OC,1,2026-2030,1,1,isha.menon267@svcet.edu,isha38@gmail.com,9813093158,Menon Sai,9994257873,Business,Reyansh,9732727537,Homemaker,380462.00,"No. 83, Gandhi Road",Anna Nagar,Chennai,Tamil Nadu,600044,DAV Public School,State Board,467,85,St. Johns,State Board,580,78,2026-08-15,Counselling,password123
Aarohi,Gupta,26CSE008A,Female,2002-07-18,AB-,Indian,BC,1,2026-2030,1,1,aarohi.gupta268@svcet.edu,aarohi55@gmail.com,9846789884,Gupta Arjun,9916174741,Business,Sneha,9745279128,Homemaker,259472.00,"No. 4, Gandhi Road",Anna Nagar,Madurai,Tamil Nadu,600013,St. Johns,State Board,486,81,St. Johns,State Board,493,87,2026-08-15,Counselling,password123
Aditya,Das,26CSE009A,Male,2005-05-11,AB-,Indian,MBC,1,2026-2030,1,1,aditya.das269@svcet.edu,aditya25@gmail.com,9890971192,Das Diya,9935897807,Business,Krishna,9799568736,Homemaker,308594.00,"No. 46, Gandhi Road",Anna Nagar,Salem,Tamil Nadu,600070,Maharishi Vidya Mandir,State Board,490,93,Delhi Public School,State Board,487,90,2026-08-15,Management,password123
Sanya,Patel,26CSE010A,Male,2005-06-19,AB-,Indian,ST,1,2026-2030,1,1,sanya.patel2610@svcet.edu,sanya38@gmail.com,9818550782,Patel Pooja,9958853745,Business,Reyansh,9721311366,Homemaker,741487.00,"No. 10, Gandhi Road",Anna Nagar,Madurai,Tamil Nadu,600018,DAV Public School,State Board,403,83,DAV Public School,State Board,540,85,2026-08-15,Management,password123
Sai,Kumar,26CSE011A,Male,2002-04-11,B-,Indian,SC,1,2026-2030,1,1,sai.kumar2611@svcet.edu,sai41@gmail.com,9878282250,Kumar Sanya,9998666726,Business,Aarav,9791037794,Homemaker,400343.00,"No. 61, Gandhi Road",Anna Nagar,Madurai,Tamil Nadu,600047,Maharishi Vidya Mandir,State Board,466,89,Delhi Public School,State Board,545,88,2026-08-15,Counselling,password123
Krishna,Gupta,26CSE012A,Male,2003-02-13,A+,Indian,SC,1,2026-2030,1,1,krishna.gupta2612@svcet.edu,krishna1@gmail.com,9832153599,Gupta Kavya,9986028873,Business,Pooja,9734779571,Homemaker,657726.00,"No. 63, Gandhi Road",Anna Nagar,Chennai,Tamil Nadu,600029,Maharishi Vidya Mandir,State Board,418,82,Maharishi Vidya Mandir,State Board,454,88,2026-08-15,Counselling,password123
Aditya,Rao,26CSE013A,Male,2004-01-19,O-,Indian,OC,1,2026-2030,1,1,aditya.rao2613@svcet.edu,aditya14@gmail.com,9865798104,Rao Neha,9980385327,Business,Aditya,9736020613,Homemaker,587100.00,"No. 42, Gandhi Road",Anna Nagar,Chennai,Tamil Nadu,600015,Maharishi Vidya Mandir,State Board,467,86,St. Johns,State Board,547,89,2026-08-15,Management,password123
Aditya,Das,26CSE014A,Male,2003-05-18,O-,Indian,OC,1,2026-2030,1,1,aditya.das2614@svcet.edu,aditya90@gmail.com,9898766390,Das Aditya,9972527955,Business,Riya,9731868991,Homemaker,553824.00,"No. 25, Gandhi Road",Anna Nagar,Trichy,Tamil Nadu,600018,St. Johns,State Board,429,83,DAV Public School,State Board,486,88,2026-08-15,Counselling,password123
Neha,Nair,26CSE015A,Male,2003-07-13,A+,Indian,OC,1,2026-2030,1,1,neha.nair2615@svcet.edu,neha33@gmail.com,9875254042,Nair Riya,9969700091,Business,Aarohi,9712630340,Homemaker,414948.00,"No. 13, Gandhi Road",Anna Nagar,Chennai,Tamil Nadu,600020,Delhi Public School,State Board,450,81,DAV Public School,State Board,489,87,2026-08-15,Management,password123
Neha,Nair,26CSE016A,Female,2004-06-19,O+,Indian,OC,1,2026-2030,1,1,neha.nair2616@svcet.edu,neha54@gmail.com,9892565031,Nair Ishaan,9959647632,Business,Sai,9737818023,Homemaker,598578.00,"No. 70, Gandhi Road",Anna Nagar,Trichy,Tamil Nadu,600065,St. Johns,State Board,443,91,Maharishi Vidya Mandir,State Board,535,82,2026-08-15,Counselling,password123
Neha,Verma,26CSE017A,Male,2004-05-18,AB-,Indian,OC,1,2026-2030,1,1,neha.verma2617@svcet.edu,neha91@gmail.com,9846836540,Verma Riya,9993208241,Business,Arjun,9750285465,Homemaker,799667.00,"No. 33, Gandhi Road",Anna Nagar,Coimbatore,Tamil Nadu,600082,DAV Public School,State Board,474,89,Maharishi Vidya Mandir,State Board,454,89,2026-08-15,Counselling,password123
Krishna,Rao,26CSE018A,Female,2004-07-14,B-,Indian,OC,1,2026-2030,1,1,krishna.rao2618@svcet.edu,krishna14@gmail.com,9834248708,Rao Arjun,9964455032,Business,Ishaan,9770154698,Homemaker,246371.00,"No. 25, Gandhi Road",Anna Nagar,Coimbatore,Tamil Nadu,600077,Delhi Public School,State Board,453,97,KV,State Board,530,85,2026-08-15,Counselling,password123
Neha,Nair,26CSE019A,Male,2002-05-16,B-,Indian,ST,1,2026-2030,1,1,neha.nair2619@svcet.edu,neha10@gmail.com,9818045926,Nair Krishna,9947358007,Business,Reyansh,9780411345,Homemaker,469709.00,"No. 34, Gandhi Road",Anna Nagar,Salem,Tamil Nadu,600071,Maharishi Vidya Mandir,State Board,462,82,KV,State Board,467,96,2026-08-15,Counselling,password123
Riya,Bose,26CSE020A,Male,2004-02-15,B+,Indian,SC,1,2026-2030,1,1,riya.bose2620@svcet.edu,riya81@gmail.com,9870764568,Bose Vivaan,9935988306,Business,Aarohi,9726600563,Homemaker,520298.00,"No. 50, Gandhi Road",Anna Nagar,Trichy,Tamil Nadu,600025,Maharishi Vidya Mandir,State Board,404,94,KV,State Board,498,96,2026-08-15,Management,password123
Kavya,Patel,26CSE021A,Female,2002-02-14,O+,Indian,OC,1,2026-2030,1,1,kavya.patel2621@svcet.edu,kavya56@gmail.com,9853850402,Patel Aarav,9962893341,Business,Aarav,9726471654,Homemaker,580042.00,"No. 31, Gandhi Road",Anna Nagar,Coimbatore,Tamil Nadu,600098,DAV Public School,State Board,414,83,St. Johns,State Board,549,83,2026-08-15,Management,password123
Sneha,Menon,26CSE022A,Male,2002-09-17,AB+,Indian,OC,1,2026-2030,1,1,sneha.menon2622@svcet.edu,sneha18@gmail.com,9818211960,Menon Vivaan,9941705370,Business,Ananya,9711821812,Homemaker,448677.00,"No. 100, Gandhi Road",Anna Nagar,Chennai,Tamil Nadu,600088,DAV Public School,State Board,463,91,St. Johns,State Board,515,78,2026-08-15,Management,password123
Sanya,Patel,26CSE023A,Male,2002-03-17,AB+,Indian,OC,1,2026-2030,1,1,sanya.patel2623@svcet.edu,sanya88@gmail.com,9821208119,Patel Sanya,9971321670,Business,Sanya,9799013146,Homemaker,563562.00,"No. 84, Gandhi Road",Anna Nagar,Madurai,Tamil Nadu,600078,Delhi Public School,State Board,408,85,Maharishi Vidya Mandir,State Board,492,83,2026-08-15,Counselling,password123
Kavya,Gupta,26CSE024A,Female,2006-05-11,AB-,Indian,BC,1,2026-2030,1,1,kavya.gupta2624@svcet.edu,kavya15@gmail.com,9876210588,Gupta Sai,9948389692,Business,Ayaan,9712252430,Homemaker,247642.00,"No. 83, Gandhi Road",Anna Nagar,Madurai,Tamil Nadu,600016,DAV Public School,State Board,471,97,KV,State Board,580,92,2026-08-15,Management,password123
Pooja,Menon,26CSE025A,Male,2005-05-12,A-,Indian,OC,1,2026-2030,1,1,pooja.menon2625@svcet.edu,pooja84@gmail.com,9832011812,Menon Neha,9910717028,Business,Aarav,9712972744,Homemaker,642737.00,"No. 40, Gandhi Road",Anna Nagar,Chennai,Tamil Nadu,600075,KV,State Board,401,82,St. Johns,State Board,466,93,2026-08-15,Counselling,password123
Neha,Pillai,26CSE026A,Male,2003-04-12,A-,Indian,MBC,1,2026-2030,1,1,neha.pillai2626@svcet.edu,neha80@gmail.com,9846909729,Pillai Sneha,9989693952,Business,Aarav,9766810094,Homemaker,356451.00,"No. 8, Gandhi Road",Anna Nagar,Coimbatore,Tamil Nadu,600033,Maharishi Vidya Mandir,State Board,424,80,KV,State Board,533,91,2026-08-15,Management,password123
Diya,Menon,26CSE027A,Female,2005-02-11,A+,Indian,ST,1,2026-2030,1,1,diya.menon2627@svcet.edu,diya32@gmail.com,9850198567,Menon Arjun,9954669647,Business,Kavya,9711457891,Homemaker,263492.00,"No. 83, Gandhi Road",Anna Nagar,Trichy,Tamil Nadu,600065,KV,State Board,451,93,Maharishi Vidya Mandir,State Board,523,79,2026-08-15,Counselling,password123
Isha,Rao,26CSE028A,Female,2006-09-19,AB+,Indian,OC,1,2026-2030,1,1,isha.rao2628@svcet.edu,isha6@gmail.com,9835366872,Rao Ishaan,9912018897,Business,Riya,9757225870,Homemaker,304373.00,"No. 8, Gandhi Road",Anna Nagar,Trichy,Tamil Nadu,600010,Delhi Public School,State Board,489,94,St. Johns,State Board,543,91,2026-08-15,Management,password123
Sai,Rao,26CSE029A,Male,2006-09-12,O-,Indian,SC,1,2026-2030,1,1,sai.rao2629@svcet.edu,sai33@gmail.com,9867078749,Rao Krishna,9991368982,Business,Sanya,9732302129,Homemaker,284403.00,"No. 24, Gandhi Road",Anna Nagar,Coimbatore,Tamil Nadu,600050,KV,State Board,477,81,Delhi Public School,State Board,465,94,2026-08-15,Counselling,password123
Isha,Das,26CSE030A,Male,2006-05-18,AB+,Indian,MBC,1,2026-2030,1,1,isha.das2630@svcet.edu,isha33@gmail.com,9883978150,Das Krishna,9984460946,Business,Diya,9786208154,Homemaker,467205.00,"No. 69, Gandhi Road",Anna Nagar,Salem,Tamil Nadu,600082,KV,State Board,415,89,Delhi Public School,State Board,525,76,2026-08-15,Management,password123
Krishna,Singh,26CSE001B,Female,2002-02-19,A+,Indian,MBC,1,2026-2030,1,1,krishna.singh261@svcet.edu,krishna59@gmail.com,9868348306,Singh Vivaan,9931488793,Business,Aarav,9759789551,Homemaker,473315.00,"No. 82, Gandhi Road",Anna Nagar,Chennai,Tamil Nadu,600045,St. Johns,State Board,463,83,DAV Public School,State Board,518,92,2026-08-15,Management,password123
Neha,Reddy,26CSE002B,Male,2004-09-12,B-,Indian,BC,1,2026-2030,1,1,neha.reddy262@svcet.edu,neha13@gmail.com,9895577571,Reddy Sanya,9969400316,Business,Vivaan,9787157528,Homemaker,432352.00,"No. 91, Gandhi Road",Anna Nagar,Coimbatore,Tamil Nadu,600026,Delhi Public School,State Board,444,89,Delhi Public School,State Board,579,94,2026-08-15,Management,password123
Reyansh,Bose,26CSE003B,Male,2003-07-11,B+,Indian,MBC,1,2026-2030,1,1,reyansh.bose263@svcet.edu,reyansh55@gmail.com,9848497740,Bose Pooja,9959262243,Business,Pooja,9797371192,Homemaker,304719.00,"No. 71, Gandhi Road",Anna Nagar,Coimbatore,Tamil Nadu,600049,Maharishi Vidya Mandir,State Board,421,87,St. Johns,State Board,516,96,2026-08-15,Management,password123
Neha,Bose,26CSE004B,Male,2004-02-16,A+,Indian,MBC,1,2026-2030,1,1,neha.bose264@svcet.edu,neha78@gmail.com,9824805441,Bose Vihaan,9993573720,Business,Ananya,9764665932,Homemaker,747033.00,"No. 29, Gandhi Road",Anna Nagar,Salem,Tamil Nadu,600019,Maharishi Vidya Mandir,State Board,473,85,Maharishi Vidya Mandir,State Board,569,77,2026-08-15,Counselling,password123
Pooja,Bose,26CSE005B,Female,2003-09-11,AB+,Indian,BC,1,2026-2030,1,1,pooja.bose265@svcet.edu,pooja27@gmail.com,9875467287,Bose Sneha,9937447630,Business,Vivaan,9783230449,Homemaker,788758.00,"No. 61, Gandhi Road",Anna Nagar,Trichy,Tamil Nadu,600020,St. Johns,State Board,425,92,DAV Public School,State Board,471,92,2026-08-15,Counselling,password123
Aarohi,Gupta,26CSE006B,Male,2006-05-17,AB+,Indian,ST,1,2026-2030,1,1,aarohi.gupta266@svcet.edu,aarohi55@gmail.com,9819641459,Gupta Riya,9935506184,Business,Kavya,9717628610,Homemaker,624617.00,"No. 16, Gandhi Road",Anna Nagar,Trichy,Tamil Nadu,600094,St. Johns,State Board,431,87,KV,State Board,578,81,2026-08-15,Counselling,password123
Sanya,Pillai,26CSE007B,Female,2002-05-11,O-,Indian,OC,1,2026-2030,1,1,sanya.pillai267@svcet.edu,sanya58@gmail.com,9822184049,Pillai Isha,9910223917,Business,Krishna,9775163099,Homemaker,461929.00,"No. 98, Gandhi Road",Anna Nagar,Trichy,Tamil Nadu,600039,Maharishi Vidya Mandir,State Board,461,96,Delhi Public School,State Board,544,88,2026-08-15,Counselling,password123
Pooja,Patel,26CSE008B,Female,2004-01-19,B+,Indian,SC,1,2026-2030,1,1,pooja.patel268@svcet.edu,pooja41@gmail.com,9861143555,Patel Arjun,9995130413,Business,Vivaan,9735732036,Homemaker,407486.00,"No. 6, Gandhi Road",Anna Nagar,Chennai,Tamil Nadu,600020,Maharishi Vidya Mandir,State Board,464,87,Delhi Public School,State Board,503,93,2026-08-15,Counselling,password123
Aarav,Menon,26CSE009B,Male,2003-08-16,B-,Indian,OC,1,2026-2030,1,1,aarav.menon269@svcet.edu,aarav98@gmail.com,9860003995,Menon Kavya,9995640988,Business,Ayaan,9766298683,Homemaker,680527.00,"No. 14, Gandhi Road",Anna Nagar,Salem,Tamil Nadu,600034,St. Johns,State Board,444,93,KV,State Board,474,93,2026-08-15,Management,password123
Neha,Rao,26CSE010B,Female,2004-05-12,A+,Indian,ST,1,2026-2030,1,1,neha.rao2610@svcet.edu,neha62@gmail.com,9860649260,Rao Reyansh,9956709679,Business,Pooja,9746917574,Homemaker,657751.00,"No. 32, Gandhi Road",Anna Nagar,Salem,Tamil Nadu,600037,Maharishi Vidya Mandir,State Board,440,98,DAV Public School,State Board,531,77,2026-08-15,Counselling,password123
Krishna,Rao,26CSE011B,Male,2005-02-17,O-,Indian,ST,1,2026-2030,1,1,krishna.rao2611@svcet.edu,krishna47@gmail.com,9824532619,Rao Sai,9967770568,Business,Kavya,9734346453,Homemaker,695877.00,"No. 17, Gandhi Road",Anna Nagar,Chennai,Tamil Nadu,600029,Maharishi Vidya Mandir,State Board,454,98,Delhi Public School,State Board,460,96,2026-08-15,Management,password123
Diya,Nair,26CSE012B,Female,2004-04-13,AB+,Indian,BC,1,2026-2030,1,1,diya.nair2612@svcet.edu,diya5@gmail.com,9865094232,Nair Sai,9938785846,Business,Ayaan,9769058252,Homemaker,346787.00,"No. 82, Gandhi Road",Anna Nagar,Trichy,Tamil Nadu,600029,St. Johns,State Board,484,96,Delhi Public School,State Board,473,84,2026-08-15,Counselling,password123
Arjun,Das,26CSE013B,Female,2004-09-13,AB+,Indian,MBC,1,2026-2030,1,1,arjun.das2613@svcet.edu,arjun76@gmail.com,9863946137,Das Aarav,9916508310,Business,Pooja,9791875502,Homemaker,216710.00,"No. 42, Gandhi Road",Anna Nagar,Madurai,Tamil Nadu,600082,Delhi Public School,State Board,479,87,Maharishi Vidya Mandir,State Board,528,85,2026-08-15,Counselling,password123
Isha,Singh,26CSE014B,Male,2005-06-17,B+,Indian,MBC,1,2026-2030,1,1,isha.singh2614@svcet.edu,isha61@gmail.com,9872151343,Singh Aarav,9940996383,Business,Pooja,9757558149,Homemaker,651719.00,"No. 18, Gandhi Road",Anna Nagar,Coimbatore,Tamil Nadu,600082,Maharishi Vidya Mandir,State Board,457,83,St. Johns,State Board,514,88,2026-08-15,Management,password123
Pooja,Menon,26CSE015B,Female,2003-05-19,AB-,Indian,BC,1,2026-2030,1,1,pooja.menon2615@svcet.edu,pooja27@gmail.com,9854891946,Menon Arjun,9937090959,Business,Sanya,9797142745,Homemaker,689915.00,"No. 48, Gandhi Road",Anna Nagar,Trichy,Tamil Nadu,600022,St. Johns,State Board,467,93,St. Johns,State Board,450,95,2026-08-15,Management,password123
Diya,Sharma,26CSE016B,Female,2002-05-15,AB-,Indian,BC,1,2026-2030,1,1,diya.sharma2616@svcet.edu,diya54@gmail.com,9886141416,Sharma Aditya,9968972578,Business,Sanya,9732182989,Homemaker,531132.00,"No. 49, Gandhi Road",Anna Nagar,Chennai,Tamil Nadu,600072,St. Johns,State Board,464,91,DAV Public School,State Board,523,77,2026-08-15,Management,password123
Neha,Bose,26CSE017B,Male,2005-05-17,O+,Indian,ST,1,2026-2030,1,1,neha.bose2617@svcet.edu,neha39@gmail.com,9847214315,Bose Ayaan,9989083520,Business,Pooja,9792852984,Homemaker,752368.00,"No. 85, Gandhi Road",Anna Nagar,Madurai,Tamil Nadu,600095,St. Johns,State Board,423,81,Delhi Public School,State Board,486,91,2026-08-15,Counselling,password123
Aditya,Nair,26CSE018B,Female,2005-03-19,O-,Indian,SC,1,2026-2030,1,1,aditya.nair2618@svcet.edu,aditya36@gmail.com,9841756319,Nair Vivaan,9949318584,Business,Krishna,9785902019,Homemaker,348226.00,"No. 93, Gandhi Road",Anna Nagar,Chennai,Tamil Nadu,600075,KV,State Board,489,88,Maharishi Vidya Mandir,State Board,542,85,2026-08-15,Counselling,password123
Sneha,Menon,26CSE019B,Female,2006-07-14,B-,Indian,ST,1,2026-2030,1,1,sneha.menon2619@svcet.edu,sneha23@gmail.com,9852433073,Menon Sanya,9922739875,Business,Pooja,9725205961,Homemaker,262763.00,"No. 65, Gandhi Road",Anna Nagar,Trichy,Tamil Nadu,600085,Maharishi Vidya Mandir,State Board,411,92,Delhi Public School,State Board,551,88,2026-08-15,Counselling,password123
Krishna,Das,26CSE020B,Female,2004-04-13,O+,Indian,BC,1,2026-2030,1,1,krishna.das2620@svcet.edu,krishna70@gmail.com,9888286613,Das Vivaan,9922696850,Business,Diya,9771142757,Homemaker,293139.00,"No. 4, Gandhi Road",Anna Nagar,Madurai,Tamil Nadu,600070,St. Johns,State Board,400,88,Delhi Public School,State Board,533,95,2026-08-15,Management,password123
Isha,Nair,26CSE021B,Male,2003-04-10,O+,Indian,MBC,1,2026-2030,1,1,isha.nair2621@svcet.edu,isha65@gmail.com,9873382024,Nair Ananya,9955995918,Business,Riya,9798426008,Homemaker,350580.00,"No. 18, Gandhi Road",Anna Nagar,Trichy,Tamil Nadu,600077,KV,State Board,433,93,Delhi Public School,State Board,489,78,2026-08-15,Counselling,password123
Riya,Sharma,26CSE022B,Female,2003-03-19,O-,Indian,BC,1,2026-2030,1,1,riya.sharma2622@svcet.edu,riya33@gmail.com,9887125760,Sharma Riya,9934676446,Business,Arjun,9781632042,Homemaker,338913.00,"No. 96, Gandhi Road",Anna Nagar,Coimbatore,Tamil Nadu,600090,Delhi Public School,State Board,407,89,KV,State Board,490,87,2026-08-15,Counselling,password123
Reyansh,Das,26CSE023B,Male,2005-03-13,B+,Indian,SC,1,2026-2030,1,1,reyansh.das2623@svcet.edu,reyansh99@gmail.com,9898057025,Das Sneha,9963461869,Business,Sai,9768092439,Homemaker,742034.00,"No. 17, Gandhi Road",Anna Nagar,Coimbatore,Tamil Nadu,600032,DAV Public School,State Board,490,89,DAV Public School,State Board,534,92,2026-08-15,Counselling,password123
Neha,Singh,26CSE024B,Female,2004-01-12,O-,Indian,OC,1,2026-2030,1,1,neha.singh2624@svcet.edu,neha11@gmail.com,9890786901,Singh Pooja,9968915214,Business,Neha,9712415689,Homemaker,572556.00,"No. 82, Gandhi Road",Anna Nagar,Trichy,Tamil Nadu,600094,Maharishi Vidya Mandir,State Board,429,91,DAV Public School,State Board,525,75,2026-08-15,Counselling,password123
Krishna,Menon,26CSE025B,Male,2004-06-14,B+,Indian,BC,1,2026-2030,1,1,krishna.menon2625@svcet.edu,krishna37@gmail.com,9846164202,Menon Isha,9990932656,Business,Diya,9742115488,Homemaker,558461.00,"No. 99, Gandhi Road",Anna Nagar,Salem,Tamil Nadu,600051,St. Johns,State Board,468,97,Maharishi Vidya Mandir,State Board,499,83,2026-08-15,Management,password123
Vivaan,Nair,26CSE026B,Female,2005-04-17,AB-,Indian,OC,1,2026-2030,1,1,vivaan.nair2626@svcet.edu,vivaan4@gmail.com,9810474709,Nair Riya,9950844522,Business,Ishaan,9741521714,Homemaker,580394.00,"No. 70, Gandhi Road",Anna Nagar,Trichy,Tamil Nadu,600097,Delhi Public School,State Board,442,88,St. Johns,State Board,538,81,2026-08-15,Management,password123
Aditya,Das,26CSE027B,Female,2004-01-16,A+,Indian,MBC,1,2026-2030,1,1,aditya.das2627@svcet.edu,aditya26@gmail.com,9879015328,Das Pooja,9987805665,Business,Ananya,9714534420,Homemaker,751210.00,"No. 88, Gandhi Road",Anna Nagar,Madurai,Tamil Nadu,600042,Delhi Public School,State Board,434,91,Delhi Public School,State Board,497,86,2026-08-15,Management,password123
Diya,Bose,26CSE028B,Female,2003-09-16,O-,Indian,BC,1,2026-2030,1,1,diya.bose2628@svcet.edu,diya23@gmail.com,9852526073,Bose Ayaan,9954336576,Business,Isha,9799721984,Homemaker,300323.00,"No. 79, Gandhi Road",Anna Nagar,Salem,Tamil Nadu,600011,Delhi Public School,State Board,470,98,Maharishi Vidya Mandir,State Board,457,82,2026-08-15,Management,password123
Ayaan,Singh,26CSE029B,Male,2002-03-15,AB+,Indian,MBC,1,2026-2030,1,1,ayaan.singh2629@svcet.edu,ayaan86@gmail.com,9813737036,Singh Aditya,9921292727,Business,Sanya,9761977260,Homemaker,401963.00,"No. 77, Gandhi Road",Anna Nagar,Trichy,Tamil Nadu,600068,KV,State Board,488,94,KV,State Board,517,83,2026-08-15,Counselling,password123
Aarohi,Singh,26CSE030B,Female,2003-07-19,AB+,Indian,ST,1,2026-2030,1,1,aarohi.singh2630@svcet.edu,aarohi19@gmail.com,9830782766,Singh Arjun,9973757804,Business,Sanya,9741305516,Homemaker,530085.00,"No. 37, Gandhi Road",Anna Nagar,Coimbatore,Tamil Nadu,600088,DAV Public School,State Board,436,94,DAV Public School,State Board,482,75,2026-08-15,Counselling,password123
